construction,pair_id,entity,counterpart,other_entity,verb,agent_first,agent_second,patient_first,patient_second,role_probe,recipient_probe,neutral_probe
active_passive,doctor->nurse,doctor,nurse,lawyer,treated,The doctor treated the lawyer.,The lawyer was treated by the doctor.,The doctor was treated by the lawyer.,The lawyer treated the doctor.,Question: Who treated someone? Answer: The,,Question: Which professions are mentioned? Answer: The
active_passive,doctor->nurse,doctor,nurse,lawyer,examined,The doctor examined the lawyer.,The lawyer was examined by the doctor.,The doctor was examined by the lawyer.,The lawyer examined the doctor.,Question: Who examined someone? Answer: The,,Question: Which professions are mentioned? Answer: The
active_passive,doctor->nurse,doctor,nurse,lawyer,interviewed,The doctor interviewed the lawyer.,The lawyer was interviewed by the doctor.,The doctor was interviewed by the lawyer.,The lawyer interviewed the doctor.,Question: Who interviewed someone? Answer: The,,Question: Which professions are mentioned? Answer: The
active_passive,doctor->nurse,doctor,nurse,lawyer,photographed,The doctor photographed the lawyer.,The lawyer was photographed by the doctor.,The doctor was photographed by the lawyer.,The lawyer photographed the doctor.,Question: Who photographed someone? Answer: The,,Question: Which professions are mentioned? Answer: The
active_passive,doctor->nurse,doctor,nurse,lawyer,praised,The doctor praised the lawyer.,The lawyer was praised by the doctor.,The doctor was praised by the lawyer.,The lawyer praised the doctor.,Question: Who praised someone? Answer: The,,Question: Which professions are mentioned? Answer: The
active_passive,doctor->nurse,doctor,nurse,lawyer,criticized,The doctor criticized the lawyer.,The lawyer was criticized by the doctor.,The doctor was criticized by the lawyer.,The lawyer criticized the doctor.,Question: Who criticized someone? Answer: The,,Question: Which professions are mentioned? Answer: The
active_passive,doctor->nurse,doctor,nurse,lawyer,hired,The doctor hired the lawyer.,The lawyer was hired by the doctor.,The doctor was hired by the lawyer.,The lawyer hired the doctor.,Question: Who hired someone? Answer: The,,Question: Which professions are mentioned? Answer: The
active_passive,doctor->nurse,doctor,nurse,lawyer,fired,The doctor fired the lawyer.,The lawyer was fired by the doctor.,The doctor was fired by the lawyer.,The lawyer fired the doctor.,Question: Who fired someone? Answer: The,,Question: Which professions are mentioned? Answer: The
active_passive,doctor->nurse,doctor,nurse,lawyer,tutored,The doctor tutored the lawyer.,The lawyer was tutored by the doctor.,The doctor was tutored by the lawyer.,The lawyer tutored the doctor.,Question: Who tutored someone? Answer: The,,Question: Which professions are mentioned? Answer: The
active_passive,doctor->nurse,doctor,nurse,lawyer,sketched,The doctor sketched the lawyer.,The lawyer was sketched by the doctor.,The doctor was sketched by the lawyer.,The lawyer sketched the doctor.,Question: Who sketched someone? Answer: The,,Question: Which professions are mentioned? Answer: The
active_passive,doctor->nurse,doctor,nurse,teacher,treated,The doctor treated the teacher.,The teacher was treated by the doctor.,The doctor was treated by the teacher.,The teacher treated the doctor.,Question: Who treated someone? Answer: The,,Question: Which professions are mentioned? Answer: The
active_passive,doctor->nurse,doctor,nurse,teacher,examined,The doctor examined the teacher.,The teacher was examined by the doctor.,The doctor was examined by the teacher.,The teacher examined the doctor.,Question: Who examined someone? Answer: The,,Question: Which professions are mentioned? Answer: The
active_passive,doctor->nurse,doctor,nurse,teacher,interviewed,The doctor interviewed the teacher.,The teacher was interviewed by the doctor.,The doctor was interviewed by the teacher.,The teacher interviewed the doctor.,Question: Who interviewed someone? Answer: The,,Question: Which professions are mentioned? Answer: The
active_passive,doctor->nurse,doctor,nurse,teacher,photographed,The doctor photographed the teacher.,The teacher was photographed by the doctor.,The doctor was photographed by the teacher.,The teacher photographed the doctor.,Question: Who photographed someone? Answer: The,,Question: Which professions are mentioned? Answer: The
active_passive,doctor->nurse,doctor,nurse,teacher,praised,The doctor praised the teacher.,The teacher was praised by the doctor.,The doctor was praised by the teacher.,The teacher praised the doctor.,Question: Who praised someone? Answer: The,,Question: Which professions are mentioned? Answer: The
active_passive,doctor->nurse,doctor,nurse,teacher,criticized,The doctor criticized the teacher.,The teacher was criticized by the doctor.,The doctor was criticized by the teacher.,The teacher criticized the doctor.,Question: Who criticized someone? Answer: The,,Question: Which professions are mentioned? Answer: The
active_passive,doctor->nurse,doctor,nurse,teacher,hired,The doctor hired the teacher.,The teacher was hired by the doctor.,The doctor was hired by the teacher.,The teacher hired the doctor.,Question: Who hired someone? Answer: The,,Question: Which professions are mentioned? Answer: The
active_passive,doctor->nurse,doctor,nurse,teacher,fired,The doctor fired the teacher.,The teacher was fired by the doctor.,The doctor was fired by the teacher.,The teacher fired the doctor.,Question: Who fired someone? Answer: The,,Question: Which professions are mentioned? Answer: The
active_passive,doctor->nurse,doctor,nurse,teacher,tutored,The doctor tutored the teacher.,The teacher was tutored by the doctor.,The doctor was tutored by the teacher.,The teacher tutored the doctor.,Question: Who tutored someone? Answer: The,,Question: Which professions are mentioned? Answer: The
active_passive,doctor->nurse,doctor,nurse,teacher,sketched,The doctor sketched the teacher.,The teacher was sketched by the doctor.,The doctor was sketched by the teacher.,The teacher sketched the doctor.,Question: Who sketched someone? Answer: The,,Question: Which professions are mentioned? Answer: The
active_passive,doctor->nurse,doctor,nurse,student,treated,The doctor treated the student.,The student was treated by the doctor.,The doctor was treated by the student.,The student treated the doctor.,Question: Who treated someone? Answer: The,,Question: Which professions are mentioned? Answer: The
active_passive,doctor->nurse,doctor,nurse,student,examined,The doctor examined the student.,The student was examined by the doctor.,The doctor was examined by the student.,The student examined the doctor.,Question: Who examined someone? Answer: The,,Question: Which professions are mentioned? Answer: The
active_passive,doctor->nurse,doctor,nurse,student,interviewed,The doctor interviewed the student.,The student was interviewed by the doctor.,The doctor was interviewed by the student.,The student interviewed the doctor.,Question: Who interviewed someone? Answer: The,,Question: Which professions are mentioned? Answer: The
active_passive,doctor->nurse,doctor,nurse,student,photographed,The doctor photographed the student.,The student was photographed by the doctor.,The doctor was photographed by the student.,The student photographed the doctor.,Question: Who photographed someone? Answer: The,,Question: Which professions are mentioned? Answer: The
active_passive,doctor->nurse,doctor,nurse,student,praised,The doctor praised the student.,The student was praised by the doctor.,The doctor was praised by the student.,The student praised the doctor.,Question: Who praised someone? Answer: The,,Question: Which professions are mentioned? Answer: The
active_passive,doctor->nurse,doctor,nurse,student,criticized,The doctor criticized the student.,The student was criticized by the doctor.,The doctor was criticized by the student.,The student criticized the doctor.,Question: Who criticized someone? Answer: The,,Question: Which professions are mentioned? Answer: The
active_passive,doctor->nurse,doctor,nurse,student,hired,The doctor hired the student.,The student was hired by the doctor.,The doctor was hired by the student.,The student hired the doctor.,Question: Who hired someone? Answer: The,,Question: Which professions are mentioned? Answer: The
active_passive,doctor->nurse,doctor,nurse,student,fired,The doctor fired the student.,The student was fired by the doctor.,The doctor was fired by the student.,The student fired the doctor.,Question: Who fired someone? Answer: The,,Question: Which professions are mentioned? Answer: The
active_passive,doctor->nurse,doctor,nurse,student,tutored,The doctor tutored the student.,The student was tutored by the doctor.,The doctor was tutored by the student.,The student tutored the doctor.,Question: Who tutored someone? Answer: The,,Question: Which professions are mentioned? Answer: The
active_passive,doctor->nurse,doctor,nurse,student,sketched,The doctor sketched the student.,The student was sketched by the doctor.,The doctor was sketched by the student.,The student sketched the doctor.,Question: Who sketched someone? Answer: The,,Question: Which professions are mentioned? Answer: The
active_passive,doctor->nurse,doctor,nurse,driver,treated,The doctor treated the driver.,The driver was treated by the doctor.,The doctor was treated by the driver.,The driver treated the doctor.,Question: Who treated someone? Answer: The,,Question: Which professions are mentioned? Answer: The
active_passive,doctor->nurse,doctor,nurse,driver,examined,The doctor examined the driver.,The driver was examined by the doctor.,The doctor was examined by the driver.,The driver examined the doctor.,Question: Who examined someone? Answer: The,,Question: Which professions are mentioned? Answer: The
active_passive,doctor->nurse,doctor,nurse,driver,interviewed,The doctor interviewed the driver.,The driver was interviewed by the doctor.,The doctor was interviewed by the driver.,The driver interviewed the doctor.,Question: Who interviewed someone? Answer: The,,Question: Which professions are mentioned? Answer: The
active_passive,doctor->nurse,doctor,nurse,driver,photographed,The doctor photographed the driver.,The driver was photographed by the doctor.,The doctor was photographed by the driver.,The driver photographed the doctor.,Question: Who photographed someone? Answer: The,,Question: Which professions are mentioned? Answer: The
active_passive,doctor->nurse,doctor,nurse,driver,praised,The doctor praised the driver.,The driver was praised by the doctor.,The doctor was praised by the driver.,The driver praised the doctor.,Question: Who praised someone? Answer: The,,Question: Which professions are mentioned? Answer: The
active_passive,doctor->nurse,doctor,nurse,driver,criticized,The doctor criticized the driver.,The driver was criticized by the doctor.,The doctor was criticized by the driver.,The driver criticized the doctor.,Question: Who criticized someone? Answer: The,,Question: Which professions are mentioned? Answer: The
active_passive,doctor->nurse,doctor,nurse,driver,hired,The doctor hired the driver.,The driver was hired by the doctor.,The doctor was hired by the driver.,The driver hired the doctor.,Question: Who hired someone? Answer: The,,Question: Which professions are mentioned? Answer: The
active_passive,doctor->nurse,doctor,nurse,driver,fired,The doctor fired the driver.,The driver was fired by the doctor.,The doctor was fired by the driver.,The driver fired the doctor.,Question: Who fired someone? Answer: The,,Question: Which professions are mentioned? Answer: The
active_passive,doctor->nurse,doctor,nurse,driver,tutored,The doctor tutored the driver.,The driver was tutored by the doctor.,The doctor was tutored by the driver.,The driver tutored the doctor.,Question: Who tutored someone? Answer: The,,Question: Which professions are mentioned? Answer: The
active_passive,doctor->nurse,doctor,nurse,driver,sketched,The doctor sketched the driver.,The driver was sketched by the doctor.,The doctor was sketched by the driver.,The driver sketched the doctor.,Question: Who sketched someone? Answer: The,,Question: Which professions are mentioned? Answer: The
active_passive,doctor->nurse,doctor,nurse,passenger,treated,The doctor treated the passenger.,The passenger was treated by the doctor.,The doctor was treated by the passenger.,The passenger treated the doctor.,Question: Who treated someone? Answer: The,,Question: Which professions are mentioned? Answer: The
active_passive,doctor->nurse,doctor,nurse,passenger,examined,The doctor examined the passenger.,The passenger was examined by the doctor.,The doctor was examined by the passenger.,The passenger examined the doctor.,Question: Who examined someone? Answer: The,,Question: Which professions are mentioned? Answer: The
active_passive,doctor->nurse,doctor,nurse,passenger,interviewed,The doctor interviewed the passenger.,The passenger was interviewed by the doctor.,The doctor was interviewed by the passenger.,The passenger interviewed the doctor.,Question: Who interviewed someone? Answer: The,,Question: Which professions are mentioned? Answer: The
active_passive,doctor->nurse,doctor,nurse,passenger,photographed,The doctor photographed the passenger.,The passenger was photographed by the doctor.,The doctor was photographed by the passenger.,The passenger photographed the doctor.,Question: Who photographed someone? Answer: The,,Question: Which professions are mentioned? Answer: The
active_passive,doctor->nurse,doctor,nurse,passenger,praised,The doctor praised the passenger.,The passenger was praised by the doctor.,The doctor was praised by the passenger.,The passenger praised the doctor.,Question: Who praised someone? Answer: The,,Question: Which professions are mentioned? Answer: The
active_passive,doctor->nurse,doctor,nurse,passenger,criticized,The doctor criticized the passenger.,The passenger was criticized by the doctor.,The doctor was criticized by the passenger.,The passenger criticized the doctor.,Question: Who criticized someone? Answer: The,,Question: Which professions are mentioned? Answer: The
active_passive,doctor->nurse,doctor,nurse,passenger,hired,The doctor hired the passenger.,The passenger was hired by the doctor.,The doctor was hired by the passenger.,The passenger hired the doctor.,Question: Who hired someone? Answer: The,,Question: Which professions are mentioned? Answer: The
active_passive,doctor->nurse,doctor,nurse,passenger,fired,The doctor fired the passenger.,The passenger was fired by the doctor.,The doctor was fired by the passenger.,The passenger fired the doctor.,Question: Who fired someone? Answer: The,,Question: Which professions are mentioned? Answer: The
active_passive,doctor->nurse,doctor,nurse,passenger,tutored,The doctor tutored the passenger.,The passenger was tutored by the doctor.,The doctor was tutored by the passenger.,The passenger tutored the doctor.,Question: Who tutored someone? Answer: The,,Question: Which professions are mentioned? Answer: The
active_passive,doctor->nurse,doctor,nurse,passenger,sketched,The doctor sketched the passenger.,The passenger was sketched by the doctor.,The doctor was sketched by the passenger.,The passenger sketched the doctor.,Question: Who sketched someone? Answer: The,,Question: Which professions are mentioned? Answer: The
dative,doctor->nurse,doctor,nurse,lawyer,handed,The doctor handed a letter to the lawyer.,The lawyer was handed a letter by the doctor.,The doctor was handed a letter by the lawyer.,The lawyer handed a letter to the doctor.,Question: Who handed a letter to someone? Answer: The,Question: Who was handed the letter by someone? Answer: The,Question: Which professions are mentioned? Answer: The
dative,doctor->nurse,doctor,nurse,lawyer,sent,The doctor sent a letter to the lawyer.,The lawyer was sent a letter by the doctor.,The doctor was sent a letter by the lawyer.,The lawyer sent a letter to the doctor.,Question: Who sent a letter to someone? Answer: The,Question: Who was sent the letter by someone? Answer: The,Question: Which professions are mentioned? Answer: The
dative,doctor->nurse,doctor,nurse,lawyer,mailed,The doctor mailed a letter to the lawyer.,The lawyer was mailed a letter by the doctor.,The doctor was mailed a letter by the lawyer.,The lawyer mailed a letter to the doctor.,Question: Who mailed a letter to someone? Answer: The,Question: Who was mailed the letter by someone? Answer: The,Question: Which professions are mentioned? Answer: The
dative,doctor->nurse,doctor,nurse,lawyer,offered,The doctor offered a letter to the lawyer.,The lawyer was offered a letter by the doctor.,The doctor was offered a letter by the lawyer.,The lawyer offered a letter to the doctor.,Question: Who offered a letter to someone? Answer: The,Question: Who was offered the letter by someone? Answer: The,Question: Which professions are mentioned? Answer: The
dative,doctor->nurse,doctor,nurse,lawyer,promised,The doctor promised a letter to the lawyer.,The lawyer was promised a letter by the doctor.,The doctor was promised a letter by the lawyer.,The lawyer promised a letter to the doctor.,Question: Who promised a letter to someone? Answer: The,Question: Who was promised the letter by someone? Answer: The,Question: Which professions are mentioned? Answer: The
dative,doctor->nurse,doctor,nurse,teacher,handed,The doctor handed a letter to the teacher.,The teacher was handed a letter by the doctor.,The doctor was handed a letter by the teacher.,The teacher handed a letter to the doctor.,Question: Who handed a letter to someone? Answer: The,Question: Who was handed the letter by someone? Answer: The,Question: Which professions are mentioned? Answer: The
dative,doctor->nurse,doctor,nurse,teacher,sent,The doctor sent a letter to the teacher.,The teacher was sent a letter by the doctor.,The doctor was sent a letter by the teacher.,The teacher sent a letter to the doctor.,Question: Who sent a letter to someone? Answer: The,Question: Who was sent the letter by someone? Answer: The,Question: Which professions are mentioned? Answer: The
dative,doctor->nurse,doctor,nurse,teacher,mailed,The doctor mailed a letter to the teacher.,The teacher was mailed a letter by the doctor.,The doctor was mailed a letter by the teacher.,The teacher mailed a letter to the doctor.,Question: Who mailed a letter to someone? Answer: The,Question: Who was mailed the letter by someone? Answer: The,Question: Which professions are mentioned? Answer: The
dative,doctor->nurse,doctor,nurse,teacher,offered,The doctor offered a letter to the teacher.,The teacher was offered a letter by the doctor.,The doctor was offered a letter by the teacher.,The teacher offered a letter to the doctor.,Question: Who offered a letter to someone? Answer: The,Question: Who was offered the letter by someone? Answer: The,Question: Which professions are mentioned? Answer: The
dative,doctor->nurse,doctor,nurse,teacher,promised,The doctor promised a letter to the teacher.,The teacher was promised a letter by the doctor.,The doctor was promised a letter by the teacher.,The teacher promised a letter to the doctor.,Question: Who promised a letter to someone? Answer: The,Question: Who was promised the letter by someone? Answer: The,Question: Which professions are mentioned? Answer: The
dative,doctor->nurse,doctor,nurse,student,handed,The doctor handed a letter to the student.,The student was handed a letter by the doctor.,The doctor was handed a letter by the student.,The student handed a letter to the doctor.,Question: Who handed a letter to someone? Answer: The,Question: Who was handed the letter by someone? Answer: The,Question: Which professions are mentioned? Answer: The
dative,doctor->nurse,doctor,nurse,student,sent,The doctor sent a letter to the student.,The student was sent a letter by the doctor.,The doctor was sent a letter by the student.,The student sent a letter to the doctor.,Question: Who sent a letter to someone? Answer: The,Question: Who was sent the letter by someone? Answer: The,Question: Which professions are mentioned? Answer: The
dative,doctor->nurse,doctor,nurse,student,mailed,The doctor mailed a letter to the student.,The student was mailed a letter by the doctor.,The doctor was mailed a letter by the student.,The student mailed a letter to the doctor.,Question: Who mailed a letter to someone? Answer: The,Question: Who was mailed the letter by someone? Answer: The,Question: Which professions are mentioned? Answer: The
dative,doctor->nurse,doctor,nurse,student,offered,The doctor offered a letter to the student.,The student was offered a letter by the doctor.,The doctor was offered a letter by the student.,The student offered a letter to the doctor.,Question: Who offered a letter to someone? Answer: The,Question: Who was offered the letter by someone? Answer: The,Question: Which professions are mentioned? Answer: The
dative,doctor->nurse,doctor,nurse,student,promised,The doctor promised a letter to the student.,The student was promised a letter by the doctor.,The doctor was promised a letter by the student.,The student promised a letter to the doctor.,Question: Who promised a letter to someone? Answer: The,Question: Who was promised the letter by someone? Answer: The,Question: Which professions are mentioned? Answer: The
dative,doctor->nurse,doctor,nurse,driver,handed,The doctor handed a letter to the driver.,The driver was handed a letter by the doctor.,The doctor was handed a letter by the driver.,The driver handed a letter to the doctor.,Question: Who handed a letter to someone? Answer: The,Question: Who was handed the letter by someone? Answer: The,Question: Which professions are mentioned? Answer: The
dative,doctor->nurse,doctor,nurse,driver,sent,The doctor sent a letter to the driver.,The driver was sent a letter by the doctor.,The doctor was sent a letter by the driver.,The driver sent a letter to the doctor.,Question: Who sent a letter to someone? Answer: The,Question: Who was sent the letter by someone? Answer: The,Question: Which professions are mentioned? Answer: The
dative,doctor->nurse,doctor,nurse,driver,mailed,The doctor mailed a letter to the driver.,The driver was mailed a letter by the doctor.,The doctor was mailed a letter by the driver.,The driver mailed a letter to the doctor.,Question: Who mailed a letter to someone? Answer: The,Question: Who was mailed the letter by someone? Answer: The,Question: Which professions are mentioned? Answer: The
dative,doctor->nurse,doctor,nurse,driver,offered,The doctor offered a letter to the driver.,The driver was offered a letter by the doctor.,The doctor was offered a letter by the driver.,The driver offered a letter to the doctor.,Question: Who offered a letter to someone? Answer: The,Question: Who was offered the letter by someone? Answer: The,Question: Which professions are mentioned? Answer: The
dative,doctor->nurse,doctor,nurse,driver,promised,The doctor promised a letter to the driver.,The driver was promised a letter by the doctor.,The doctor was promised a letter by the driver.,The driver promised a letter to the doctor.,Question: Who promised a letter to someone? Answer: The,Question: Who was promised the letter by someone? Answer: The,Question: Which professions are mentioned? Answer: The
dative,doctor->nurse,doctor,nurse,passenger,handed,The doctor handed a letter to the passenger.,The passenger was handed a letter by the doctor.,The doctor was handed a letter by the passenger.,The passenger handed a letter to the doctor.,Question: Who handed a letter to someone? Answer: The,Question: Who was handed the letter by someone? Answer: The,Question: Which professions are mentioned? Answer: The
dative,doctor->nurse,doctor,nurse,passenger,sent,The doctor sent a letter to the passenger.,The passenger was sent a letter by the doctor.,The doctor was sent a letter by the passenger.,The passenger sent a letter to the doctor.,Question: Who sent a letter to someone? Answer: The,Question: Who was sent the letter by someone? Answer: The,Question: Which professions are mentioned? Answer: The
dative,doctor->nurse,doctor,nurse,passenger,mailed,The doctor mailed a letter to the passenger.,The passenger was mailed a letter by the doctor.,The doctor was mailed a letter by the passenger.,The passenger mailed a letter to the doctor.,Question: Who mailed a letter to someone? Answer: The,Question: Who was mailed the letter by someone? Answer: The,Question: Which professions are mentioned? Answer: The
dative,doctor->nurse,doctor,nurse,passenger,offered,The doctor offered a letter to the passenger.,The passenger was offered a letter by the doctor.,The doctor was offered a letter by the passenger.,The passenger offered a letter to the doctor.,Question: Who offered a letter to someone? Answer: The,Question: Who was offered the letter by someone? Answer: The,Question: Which professions are mentioned? Answer: The
dative,doctor->nurse,doctor,nurse,passenger,promised,The doctor promised a letter to the passenger.,The passenger was promised a letter by the doctor.,The doctor was promised a letter by the passenger.,The passenger promised a letter to the doctor.,Question: Who promised a letter to someone? Answer: The,Question: Who was promised the letter by someone? Answer: The,Question: Which professions are mentioned? Answer: The
dative,doctor->nurse,doctor,nurse,judge,handed,The doctor handed a letter to the judge.,The judge was handed a letter by the doctor.,The doctor was handed a letter by the judge.,The judge handed a letter to the doctor.,Question: Who handed a letter to someone? Answer: The,Question: Who was handed the letter by someone? Answer: The,Question: Which professions are mentioned? Answer: The
dative,doctor->nurse,doctor,nurse,judge,sent,The doctor sent a letter to the judge.,The judge was sent a letter by the doctor.,The doctor was sent a letter by the judge.,The judge sent a letter to the doctor.,Question: Who sent a letter to someone? Answer: The,Question: Who was sent the letter by someone? Answer: The,Question: Which professions are mentioned? Answer: The
dative,doctor->nurse,doctor,nurse,judge,mailed,The doctor mailed a letter to the judge.,The judge was mailed a letter by the doctor.,The doctor was mailed a letter by the judge.,The judge mailed a letter to the doctor.,Question: Who mailed a letter to someone? Answer: The,Question: Who was mailed the letter by someone? Answer: The,Question: Which professions are mentioned? Answer: The
dative,doctor->nurse,doctor,nurse,judge,offered,The doctor offered a letter to the judge.,The judge was offered a letter by the doctor.,The doctor was offered a letter by the judge.,The judge offered a letter to the doctor.,Question: Who offered a letter to someone? Answer: The,Question: Who was offered the letter by someone? Answer: The,Question: Which professions are mentioned? Answer: The
dative,doctor->nurse,doctor,nurse,judge,promised,The doctor promised a letter to the judge.,The judge was promised a letter by the doctor.,The doctor was promised a letter by the judge.,The judge promised a letter to the doctor.,Question: Who promised a letter to someone? Answer: The,Question: Who was promised the letter by someone? Answer: The,Question: Which professions are mentioned? Answer: The
dative,doctor->nurse,doctor,nurse,pilot,handed,The doctor handed a letter to the pilot.,The pilot was handed a letter by the doctor.,The doctor was handed a letter by the pilot.,The pilot handed a letter to the doctor.,Question: Who handed a letter to someone? Answer: The,Question: Who was handed the letter by someone? Answer: The,Question: Which professions are mentioned? Answer: The
dative,doctor->nurse,doctor,nurse,pilot,sent,The doctor sent a letter to the pilot.,The pilot was sent a letter by the doctor.,The doctor was sent a letter by the pilot.,The pilot sent a letter to the doctor.,Question: Who sent a letter to someone? Answer: The,Question: Who was sent the letter by someone? Answer: The,Question: Which professions are mentioned? Answer: The
dative,doctor->nurse,doctor,nurse,pilot,mailed,The doctor mailed a letter to the pilot.,The pilot was mailed a letter by the doctor.,The doctor was mailed a letter by the pilot.,The pilot mailed a letter to the doctor.,Question: Who mailed a letter to someone? Answer: The,Question: Who was mailed the letter by someone? Answer: The,Question: Which professions are mentioned? Answer: The
dative,doctor->nurse,doctor,nurse,pilot,offered,The doctor offered a letter to the pilot.,The pilot was offered a letter by the doctor.,The doctor was offered a letter by the pilot.,The pilot offered a letter to the doctor.,Question: Who offered a letter to someone? Answer: The,Question: Who was offered the letter by someone? Answer: The,Question: Which professions are mentioned? Answer: The
dative,doctor->nurse,doctor,nurse,pilot,promised,The doctor promised a letter to the pilot.,The pilot was promised a letter by the doctor.,The doctor was promised a letter by the pilot.,The pilot promised a letter to the doctor.,Question: Who promised a letter to someone? Answer: The,Question: Who was promised the letter by someone? Answer: The,Question: Which professions are mentioned? Answer: The
dative,doctor->nurse,doctor,nurse,chef,handed,The doctor handed a letter to the chef.,The chef was handed a letter by the doctor.,The doctor was handed a letter by the chef.,The chef handed a letter to the doctor.,Question: Who handed a letter to someone? Answer: The,Question: Who was handed the letter by someone? Answer: The,Question: Which professions are mentioned? Answer: The
dative,doctor->nurse,doctor,nurse,chef,sent,The doctor sent a letter to the chef.,The chef was sent a letter by the doctor.,The doctor was sent a letter by the chef.,The chef sent a letter to the doctor.,Question: Who sent a letter to someone? Answer: The,Question: Who was sent the letter by someone? Answer: The,Question: Which professions are mentioned? Answer: The
dative,doctor->nurse,doctor,nurse,chef,mailed,The doctor mailed a letter to the chef.,The chef was mailed a letter by the doctor.,The doctor was mailed a letter by the chef.,The chef mailed a letter to the doctor.,Question: Who mailed a letter to someone? Answer: The,Question: Who was mailed the letter by someone? Answer: The,Question: Which professions are mentioned? Answer: The
dative,doctor->nurse,doctor,nurse,chef,offered,The doctor offered a letter to the chef.,The chef was offered a letter by the doctor.,The doctor was offered a letter by the chef.,The chef offered a letter to the doctor.,Question: Who offered a letter to someone? Answer: The,Question: Who was offered the letter by someone? Answer: The,Question: Which professions are mentioned? Answer: The
dative,doctor->nurse,doctor,nurse,chef,promised,The doctor promised a letter to the chef.,The chef was promised a letter by the doctor.,The doctor was promised a letter by the chef.,The chef promised a letter to the doctor.,Question: Who promised a letter to someone? Answer: The,Question: Who was promised the letter by someone? Answer: The,Question: Which professions are mentioned? Answer: The
dative,doctor->nurse,doctor,nurse,farmer,handed,The doctor handed a letter to the farmer.,The farmer was handed a letter by the doctor.,The doctor was handed a letter by the farmer.,The farmer handed a letter to the doctor.,Question: Who handed a letter to someone? Answer: The,Question: Who was handed the letter by someone? Answer: The,Question: Which professions are mentioned? Answer: The
dative,doctor->nurse,doctor,nurse,farmer,sent,The doctor sent a letter to the farmer.,The farmer was sent a letter by the doctor.,The doctor was sent a letter by the farmer.,The farmer sent a letter to the doctor.,Question: Who sent a letter to someone? Answer: The,Question: Who was sent the letter by someone? Answer: The,Question: Which professions are mentioned? Answer: The
dative,doctor->nurse,doctor,nurse,farmer,mailed,The doctor mailed a letter to the farmer.,The farmer was mailed a letter by the doctor.,The doctor was mailed a letter by the farmer.,The farmer mailed a letter to the doctor.,Question: Who mailed a letter to someone? Answer: The,Question: Who was mailed the letter by someone? Answer: The,Question: Which professions are mentioned? Answer: The
dative,doctor->nurse,doctor,nurse,farmer,offered,The doctor offered a letter to the farmer.,The farmer was offered a letter by the doctor.,The doctor was offered a letter by the farmer.,The farmer offered a letter to the doctor.,Question: Who offered a letter to someone? Answer: The,Question: Who was offered the letter by someone? Answer: The,Question: Which professions are mentioned? Answer: The
dative,doctor->nurse,doctor,nurse,farmer,promised,The doctor promised a letter to the farmer.,The farmer was promised a letter by the doctor.,The doctor was promised a letter by the farmer.,The farmer promised a letter to the doctor.,Question: Who promised a letter to someone? Answer: The,Question: Who was promised the letter by someone? Answer: The,Question: Which professions are mentioned? Answer: The
dative,doctor->nurse,doctor,nurse,coach,handed,The doctor handed a letter to the coach.,The coach was handed a letter by the doctor.,The doctor was handed a letter by the coach.,The coach handed a letter to the doctor.,Question: Who handed a letter to someone? Answer: The,Question: Who was handed the letter by someone? Answer: The,Question: Which professions are mentioned? Answer: The
dative,doctor->nurse,doctor,nurse,coach,sent,The doctor sent a letter to the coach.,The coach was sent a letter by the doctor.,The doctor was sent a letter by the coach.,The coach sent a letter to the doctor.,Question: Who sent a letter to someone? Answer: The,Question: Who was sent the letter by someone? Answer: The,Question: Which professions are mentioned? Answer: The
dative,doctor->nurse,doctor,nurse,coach,mailed,The doctor mailed a letter to the coach.,The coach was mailed a letter by the doctor.,The doctor was mailed a letter by the coach.,The coach mailed a letter to the doctor.,Question: Who mailed a letter to someone? Answer: The,Question: Who was mailed the letter by someone? Answer: The,Question: Which professions are mentioned? Answer: The
dative,doctor->nurse,doctor,nurse,coach,offered,The doctor offered a letter to the coach.,The coach was offered a letter by the doctor.,The doctor was offered a letter by the coach.,The coach offered a letter to the doctor.,Question: Who offered a letter to someone? Answer: The,Question: Who was offered the letter by someone? Answer: The,Question: Which professions are mentioned? Answer: The
dative,doctor->nurse,doctor,nurse,coach,promised,The doctor promised a letter to the coach.,The coach was promised a letter by the doctor.,The doctor was promised a letter by the coach.,The coach promised a letter to the doctor.,Question: Who promised a letter to someone? Answer: The,Question: Who was promised the letter by someone? Answer: The,Question: Which professions are mentioned? Answer: The
cleft,doctor->nurse,doctor,nurse,lawyer,treated,It was the doctor who treated the lawyer.,It was the lawyer whom the doctor treated.,It was the doctor whom the lawyer treated.,It was the lawyer who treated the doctor.,Question: Who treated someone? Answer: The,,Question: Which professions are mentioned? Answer: The
cleft,doctor->nurse,doctor,nurse,lawyer,examined,It was the doctor who examined the lawyer.,It was the lawyer whom the doctor examined.,It was the doctor whom the lawyer examined.,It was the lawyer who examined the doctor.,Question: Who examined someone? Answer: The,,Question: Which professions are mentioned? Answer: The
cleft,doctor->nurse,doctor,nurse,lawyer,interviewed,It was the doctor who interviewed the lawyer.,It was the lawyer whom the doctor interviewed.,It was the doctor whom the lawyer interviewed.,It was the lawyer who interviewed the doctor.,Question: Who interviewed someone? Answer: The,,Question: Which professions are mentioned? Answer: The
cleft,doctor->nurse,doctor,nurse,lawyer,photographed,It was the doctor who photographed the lawyer.,It was the lawyer whom the doctor photographed.,It was the doctor whom the lawyer photographed.,It was the lawyer who photographed the doctor.,Question: Who photographed someone? Answer: The,,Question: Which professions are mentioned? Answer: The
cleft,doctor->nurse,doctor,nurse,lawyer,praised,It was the doctor who praised the lawyer.,It was the lawyer whom the doctor praised.,It was the doctor whom the lawyer praised.,It was the lawyer who praised the doctor.,Question: Who praised someone? Answer: The,,Question: Which professions are mentioned? Answer: The
cleft,doctor->nurse,doctor,nurse,lawyer,criticized,It was the doctor who criticized the lawyer.,It was the lawyer whom the doctor criticized.,It was the doctor whom the lawyer criticized.,It was the lawyer who criticized the doctor.,Question: Who criticized someone? Answer: The,,Question: Which professions are mentioned? Answer: The
cleft,doctor->nurse,doctor,nurse,lawyer,hired,It was the doctor who hired the lawyer.,It was the lawyer whom the doctor hired.,It was the doctor whom the lawyer hired.,It was the lawyer who hired the doctor.,Question: Who hired someone? Answer: The,,Question: Which professions are mentioned? Answer: The
cleft,doctor->nurse,doctor,nurse,lawyer,fired,It was the doctor who fired the lawyer.,It was the lawyer whom the doctor fired.,It was the doctor whom the lawyer fired.,It was the lawyer who fired the doctor.,Question: Who fired someone? Answer: The,,Question: Which professions are mentioned? Answer: The
cleft,doctor->nurse,doctor,nurse,lawyer,tutored,It was the doctor who tutored the lawyer.,It was the lawyer whom the doctor tutored.,It was the doctor whom the lawyer tutored.,It was the lawyer who tutored the doctor.,Question: Who tutored someone? Answer: The,,Question: Which professions are mentioned? Answer: The
cleft,doctor->nurse,doctor,nurse,lawyer,sketched,It was the doctor who sketched the lawyer.,It was the lawyer whom the doctor sketched.,It was the doctor whom the lawyer sketched.,It was the lawyer who sketched the doctor.,Question: Who sketched someone? Answer: The,,Question: Which professions are mentioned? Answer: The
cleft,doctor->nurse,doctor,nurse,teacher,treated,It was the doctor who treated the teacher.,It was the teacher whom the doctor treated.,It was the doctor whom the teacher treated.,It was the teacher who treated the doctor.,Question: Who treated someone? Answer: The,,Question: Which professions are mentioned? Answer: The
cleft,doctor->nurse,doctor,nurse,teacher,examined,It was the doctor who examined the teacher.,It was the teacher whom the doctor examined.,It was the doctor whom the teacher examined.,It was the teacher who examined the doctor.,Question: Who examined someone? Answer: The,,Question: Which professions are mentioned? Answer: The
cleft,doctor->nurse,doctor,nurse,teacher,interviewed,It was the doctor who interviewed the teacher.,It was the teacher whom the doctor interviewed.,It was the doctor whom the teacher interviewed.,It was the teacher who interviewed the doctor.,Question: Who interviewed someone? Answer: The,,Question: Which professions are mentioned? Answer: The
cleft,doctor->nurse,doctor,nurse,teacher,photographed,It was the doctor who photographed the teacher.,It was the teacher whom the doctor photographed.,It was the doctor whom the teacher photographed.,It was the teacher who photographed the doctor.,Question: Who photographed someone? Answer: The,,Question: Which professions are mentioned? Answer: The
cleft,doctor->nurse,doctor,nurse,teacher,praised,It was the doctor who praised the teacher.,It was the teacher whom the doctor praised.,It was the doctor whom the teacher praised.,It was the teacher who praised the doctor.,Question: Who praised someone? Answer: The,,Question: Which professions are mentioned? Answer: The
cleft,doctor->nurse,doctor,nurse,teacher,criticized,It was the doctor who criticized the teacher.,It was the teacher whom the doctor criticized.,It was the doctor whom the teacher criticized.,It was the teacher who criticized the doctor.,Question: Who criticized someone? Answer: The,,Question: Which professions are mentioned? Answer: The
cleft,doctor->nurse,doctor,nurse,teacher,hired,It was the doctor who hired the teacher.,It was the teacher whom the doctor hired.,It was the doctor whom the teacher hired.,It was the teacher who hired the doctor.,Question: Who hired someone? Answer: The,,Question: Which professions are mentioned? Answer: The
cleft,doctor->nurse,doctor,nurse,teacher,fired,It was the doctor who fired the teacher.,It was the teacher whom the doctor fired.,It was the doctor whom the teacher fired.,It was the teacher who fired the doctor.,Question: Who fired someone? Answer: The,,Question: Which professions are mentioned? Answer: The
cleft,doctor->nurse,doctor,nurse,teacher,tutored,It was the doctor who tutored the teacher.,It was the teacher whom the doctor tutored.,It was the doctor whom the teacher tutored.,It was the teacher who tutored the doctor.,Question: Who tutored someone? Answer: The,,Question: Which professions are mentioned? Answer: The
cleft,doctor->nurse,doctor,nurse,teacher,sketched,It was the doctor who sketched the teacher.,It was the teacher whom the doctor sketched.,It was the doctor whom the teacher sketched.,It was the teacher who sketched the doctor.,Question: Who sketched someone? Answer: The,,Question: Which professions are mentioned? Answer: The
cleft,doctor->nurse,doctor,nurse,student,treated,It was the doctor who treated the student.,It was the student whom the doctor treated.,It was the doctor whom the student treated.,It was the student who treated the doctor.,Question: Who treated someone? Answer: The,,Question: Which professions are mentioned? Answer: The
cleft,doctor->nurse,doctor,nurse,student,examined,It was the doctor who examined the student.,It was the student whom the doctor examined.,It was the doctor whom the student examined.,It was the student who examined the doctor.,Question: Who examined someone? Answer: The,,Question: Which professions are mentioned? Answer: The
cleft,doctor->nurse,doctor,nurse,student,interviewed,It was the doctor who interviewed the student.,It was the student whom the doctor interviewed.,It was the doctor whom the student interviewed.,It was the student who interviewed the doctor.,Question: Who interviewed someone? Answer: The,,Question: Which professions are mentioned? Answer: The
cleft,doctor->nurse,doctor,nurse,student,photographed,It was the doctor who photographed the student.,It was the student whom the doctor photographed.,It was the doctor whom the student photographed.,It was the student who photographed the doctor.,Question: Who photographed someone? Answer: The,,Question: Which professions are mentioned? Answer: The
cleft,doctor->nurse,doctor,nurse,student,praised,It was the doctor who praised the student.,It was the student whom the doctor praised.,It was the doctor whom the student praised.,It was the student who praised the doctor.,Question: Who praised someone? Answer: The,,Question: Which professions are mentioned? Answer: The
cleft,doctor->nurse,doctor,nurse,student,criticized,It was the doctor who criticized the student.,It was the student whom the doctor criticized.,It was the doctor whom the student criticized.,It was the student who criticized the doctor.,Question: Who criticized someone? Answer: The,,Question: Which professions are mentioned? Answer: The
cleft,doctor->nurse,doctor,nurse,student,hired,It was the doctor who hired the student.,It was the student whom the doctor hired.,It was the doctor whom the student hired.,It was the student who hired the doctor.,Question: Who hired someone? Answer: The,,Question: Which professions are mentioned? Answer: The
cleft,doctor->nurse,doctor,nurse,student,fired,It was the doctor who fired the student.,It was the student whom the doctor fired.,It was the doctor whom the student fired.,It was the student who fired the doctor.,Question: Who fired someone? Answer: The,,Question: Which professions are mentioned? Answer: The
cleft,doctor->nurse,doctor,nurse,student,tutored,It was the doctor who tutored the student.,It was the student whom the doctor tutored.,It was the doctor whom the student tutored.,It was the student who tutored the doctor.,Question: Who tutored someone? Answer: The,,Question: Which professions are mentioned? Answer: The
cleft,doctor->nurse,doctor,nurse,student,sketched,It was the doctor who sketched the student.,It was the student whom the doctor sketched.,It was the doctor whom the student sketched.,It was the student who sketched the doctor.,Question: Who sketched someone? Answer: The,,Question: Which professions are mentioned? Answer: The
cleft,doctor->nurse,doctor,nurse,driver,treated,It was the doctor who treated the driver.,It was the driver whom the doctor treated.,It was the doctor whom the driver treated.,It was the driver who treated the doctor.,Question: Who treated someone? Answer: The,,Question: Which professions are mentioned? Answer: The
cleft,doctor->nurse,doctor,nurse,driver,examined,It was the doctor who examined the driver.,It was the driver whom the doctor examined.,It was the doctor whom the driver examined.,It was the driver who examined the doctor.,Question: Who examined someone? Answer: The,,Question: Which professions are mentioned? Answer: The
cleft,doctor->nurse,doctor,nurse,driver,interviewed,It was the doctor who interviewed the driver.,It was the driver whom the doctor interviewed.,It was the doctor whom the driver interviewed.,It was the driver who interviewed the doctor.,Question: Who interviewed someone? Answer: The,,Question: Which professions are mentioned? Answer: The
cleft,doctor->nurse,doctor,nurse,driver,photographed,It was the doctor who photographed the driver.,It was the driver whom the doctor photographed.,It was the doctor whom the driver photographed.,It was the driver who photographed the doctor.,Question: Who photographed someone? Answer: The,,Question: Which professions are mentioned? Answer: The
cleft,doctor->nurse,doctor,nurse,driver,praised,It was the doctor who praised the driver.,It was the driver whom the doctor praised.,It was the doctor whom the driver praised.,It was the driver who praised the doctor.,Question: Who praised someone? Answer: The,,Question: Which professions are mentioned? Answer: The
cleft,doctor->nurse,doctor,nurse,driver,criticized,It was the doctor who criticized the driver.,It was the driver whom the doctor criticized.,It was the doctor whom the driver criticized.,It was the driver who criticized the doctor.,Question: Who criticized someone? Answer: The,,Question: Which professions are mentioned? Answer: The
cleft,doctor->nurse,doctor,nurse,driver,hired,It was the doctor who hired the driver.,It was the driver whom the doctor hired.,It was the doctor whom the driver hired.,It was the driver who hired the doctor.,Question: Who hired someone? Answer: The,,Question: Which professions are mentioned? Answer: The
cleft,doctor->nurse,doctor,nurse,driver,fired,It was the doctor who fired the driver.,It was the driver whom the doctor fired.,It was the doctor whom the driver fired.,It was the driver who fired the doctor.,Question: Who fired someone? Answer: The,,Question: Which professions are mentioned? Answer: The
cleft,doctor->nurse,doctor,nurse,driver,tutored,It was the doctor who tutored the driver.,It was the driver whom the doctor tutored.,It was the doctor whom the driver tutored.,It was the driver who tutored the doctor.,Question: Who tutored someone? Answer: The,,Question: Which professions are mentioned? Answer: The
cleft,doctor->nurse,doctor,nurse,driver,sketched,It was the doctor who sketched the driver.,It was the driver whom the doctor sketched.,It was the doctor whom the driver sketched.,It was the driver who sketched the doctor.,Question: Who sketched someone? Answer: The,,Question: Which professions are mentioned? Answer: The
cleft,doctor->nurse,doctor,nurse,passenger,treated,It was the doctor who treated the passenger.,It was the passenger whom the doctor treated.,It was the doctor whom the passenger treated.,It was the passenger who treated the doctor.,Question: Who treated someone? Answer: The,,Question: Which professions are mentioned? Answer: The
cleft,doctor->nurse,doctor,nurse,passenger,examined,It was the doctor who examined the passenger.,It was the passenger whom the doctor examined.,It was the doctor whom the passenger examined.,It was the passenger who examined the doctor.,Question: Who examined someone? Answer: The,,Question: Which professions are mentioned? Answer: The
cleft,doctor->nurse,doctor,nurse,passenger,interviewed,It was the doctor who interviewed the passenger.,It was the passenger whom the doctor interviewed.,It was the doctor whom the passenger interviewed.,It was the passenger who interviewed the doctor.,Question: Who interviewed someone? Answer: The,,Question: Which professions are mentioned? Answer: The
cleft,doctor->nurse,doctor,nurse,passenger,photographed,It was the doctor who photographed the passenger.,It was the passenger whom the doctor photographed.,It was the doctor whom the passenger photographed.,It was the passenger who photographed the doctor.,Question: Who photographed someone? Answer: The,,Question: Which professions are mentioned? Answer: The
cleft,doctor->nurse,doctor,nurse,passenger,praised,It was the doctor who praised the passenger.,It was the passenger whom the doctor praised.,It was the doctor whom the passenger praised.,It was the passenger who praised the doctor.,Question: Who praised someone? Answer: The,,Question: Which professions are mentioned? Answer: The
cleft,doctor->nurse,doctor,nurse,passenger,criticized,It was the doctor who criticized the passenger.,It was the passenger whom the doctor criticized.,It was the doctor whom the passenger criticized.,It was the passenger who criticized the doctor.,Question: Who criticized someone? Answer: The,,Question: Which professions are mentioned? Answer: The
cleft,doctor->nurse,doctor,nurse,passenger,hired,It was the doctor who hired the passenger.,It was the passenger whom the doctor hired.,It was the doctor whom the passenger hired.,It was the passenger who hired the doctor.,Question: Who hired someone? Answer: The,,Question: Which professions are mentioned? Answer: The
cleft,doctor->nurse,doctor,nurse,passenger,fired,It was the doctor who fired the passenger.,It was the passenger whom the doctor fired.,It was the doctor whom the passenger fired.,It was the passenger who fired the doctor.,Question: Who fired someone? Answer: The,,Question: Which professions are mentioned? Answer: The
cleft,doctor->nurse,doctor,nurse,passenger,tutored,It was the doctor who tutored the passenger.,It was the passenger whom the doctor tutored.,It was the doctor whom the passenger tutored.,It was the passenger who tutored the doctor.,Question: Who tutored someone? Answer: The,,Question: Which professions are mentioned? Answer: The
cleft,doctor->nurse,doctor,nurse,passenger,sketched,It was the doctor who sketched the passenger.,It was the passenger whom the doctor sketched.,It was the doctor whom the passenger sketched.,It was the passenger who sketched the doctor.,Question: Who sketched someone? Answer: The,,Question: Which professions are mentioned? Answer: The
relative_clause,doctor->nurse,doctor,nurse,lawyer,treated,The doctor who treated the lawyer smiled.,The lawyer whom the doctor treated smiled.,The doctor whom the lawyer treated smiled.,The lawyer who treated the doctor smiled.,Question: Who treated someone? Answer: The,,Question: Which professions are mentioned? Answer: The
relative_clause,doctor->nurse,doctor,nurse,lawyer,examined,The doctor who examined the lawyer smiled.,The lawyer whom the doctor examined smiled.,The doctor whom the lawyer examined smiled.,The lawyer who examined the doctor smiled.,Question: Who examined someone? Answer: The,,Question: Which professions are mentioned? Answer: The
relative_clause,doctor->nurse,doctor,nurse,lawyer,interviewed,The doctor who interviewed the lawyer smiled.,The lawyer whom the doctor interviewed smiled.,The doctor whom the lawyer interviewed smiled.,The lawyer who interviewed the doctor smiled.,Question: Who interviewed someone? Answer: The,,Question: Which professions are mentioned? Answer: The
relative_clause,doctor->nurse,doctor,nurse,lawyer,photographed,The doctor who photographed the lawyer smiled.,The lawyer whom the doctor photographed smiled.,The doctor whom the lawyer photographed smiled.,The lawyer who photographed the doctor smiled.,Question: Who photographed someone? Answer: The,,Question: Which professions are mentioned? Answer: The
relative_clause,doctor->nurse,doctor,nurse,lawyer,praised,The doctor who praised the lawyer smiled.,The lawyer whom the doctor praised smiled.,The doctor whom the lawyer praised smiled.,The lawyer who praised the doctor smiled.,Question: Who praised someone? Answer: The,,Question: Which professions are mentioned? Answer: The
relative_clause,doctor->nurse,doctor,nurse,lawyer,criticized,The doctor who criticized the lawyer smiled.,The lawyer whom the doctor criticized smiled.,The doctor whom the lawyer criticized smiled.,The lawyer who criticized the doctor smiled.,Question: Who criticized someone? Answer: The,,Question: Which professions are mentioned? Answer: The
relative_clause,doctor->nurse,doctor,nurse,lawyer,hired,The doctor who hired the lawyer smiled.,The lawyer whom the doctor hired smiled.,The doctor whom the lawyer hired smiled.,The lawyer who hired the doctor smiled.,Question: Who hired someone? Answer: The,,Question: Which professions are mentioned? Answer: The
relative_clause,doctor->nurse,doctor,nurse,lawyer,fired,The doctor who fired the lawyer smiled.,The lawyer whom the doctor fired smiled.,The doctor whom the lawyer fired smiled.,The lawyer who fired the doctor smiled.,Question: Who fired someone? Answer: The,,Question: Which professions are mentioned? Answer: The
relative_clause,doctor->nurse,doctor,nurse,lawyer,tutored,The doctor who tutored the lawyer smiled.,The lawyer whom the doctor tutored smiled.,The doctor whom the lawyer tutored smiled.,The lawyer who tutored the doctor smiled.,Question: Who tutored someone? Answer: The,,Question: Which professions are mentioned? Answer: The
relative_clause,doctor->nurse,doctor,nurse,lawyer,sketched,The doctor who sketched the lawyer smiled.,The lawyer whom the doctor sketched smiled.,The doctor whom the lawyer sketched smiled.,The lawyer who sketched the doctor smiled.,Question: Who sketched someone? Answer: The,,Question: Which professions are mentioned? Answer: The
relative_clause,doctor->nurse,doctor,nurse,teacher,treated,The doctor who treated the teacher smiled.,The teacher whom the doctor treated smiled.,The doctor whom the teacher treated smiled.,The teacher who treated the doctor smiled.,Question: Who treated someone? Answer: The,,Question: Which professions are mentioned? Answer: The
relative_clause,doctor->nurse,doctor,nurse,teacher,examined,The doctor who examined the teacher smiled.,The teacher whom the doctor examined smiled.,The doctor whom the teacher examined smiled.,The teacher who examined the doctor smiled.,Question: Who examined someone? Answer: The,,Question: Which professions are mentioned? Answer: The
relative_clause,doctor->nurse,doctor,nurse,teacher,interviewed,The doctor who interviewed the teacher smiled.,The teacher whom the doctor interviewed smiled.,The doctor whom the teacher interviewed smiled.,The teacher who interviewed the doctor smiled.,Question: Who interviewed someone? Answer: The,,Question: Which professions are mentioned? Answer: The
relative_clause,doctor->nurse,doctor,nurse,teacher,photographed,The doctor who photographed the teacher smiled.,The teacher whom the doctor photographed smiled.,The doctor whom the teacher photographed smiled.,The teacher who photographed the doctor smiled.,Question: Who photographed someone? Answer: The,,Question: Which professions are mentioned? Answer: The
relative_clause,doctor->nurse,doctor,nurse,teacher,praised,The doctor who praised the teacher smiled.,The teacher whom the doctor praised smiled.,The doctor whom the teacher praised smiled.,The teacher who praised the doctor smiled.,Question: Who praised someone? Answer: The,,Question: Which professions are mentioned? Answer: The
relative_clause,doctor->nurse,doctor,nurse,teacher,criticized,The doctor who criticized the teacher smiled.,The teacher whom the doctor criticized smiled.,The doctor whom the teacher criticized smiled.,The teacher who criticized the doctor smiled.,Question: Who criticized someone? Answer: The,,Question: Which professions are mentioned? Answer: The
relative_clause,doctor->nurse,doctor,nurse,teacher,hired,The doctor who hired the teacher smiled.,The teacher whom the doctor hired smiled.,The doctor whom the teacher hired smiled.,The teacher who hired the doctor smiled.,Question: Who hired someone? Answer: The,,Question: Which professions are mentioned? Answer: The
relative_clause,doctor->nurse,doctor,nurse,teacher,fired,The doctor who fired the teacher smiled.,The teacher whom the doctor fired smiled.,The doctor whom the teacher fired smiled.,The teacher who fired the doctor smiled.,Question: Who fired someone? Answer: The,,Question: Which professions are mentioned? Answer: The
relative_clause,doctor->nurse,doctor,nurse,teacher,tutored,The doctor who tutored the teacher smiled.,The teacher whom the doctor tutored smiled.,The doctor whom the teacher tutored smiled.,The teacher who tutored the doctor smiled.,Question: Who tutored someone? Answer: The,,Question: Which professions are mentioned? Answer: The
relative_clause,doctor->nurse,doctor,nurse,teacher,sketched,The doctor who sketched the teacher smiled.,The teacher whom the doctor sketched smiled.,The doctor whom the teacher sketched smiled.,The teacher who sketched the doctor smiled.,Question: Who sketched someone? Answer: The,,Question: Which professions are mentioned? Answer: The
relative_clause,doctor->nurse,doctor,nurse,student,treated,The doctor who treated the student smiled.,The student whom the doctor treated smiled.,The doctor whom the student treated smiled.,The student who treated the doctor smiled.,Question: Who treated someone? Answer: The,,Question: Which professions are mentioned? Answer: The
relative_clause,doctor->nurse,doctor,nurse,student,examined,The doctor who examined the student smiled.,The student whom the doctor examined smiled.,The doctor whom the student examined smiled.,The student who examined the doctor smiled.,Question: Who examined someone? Answer: The,,Question: Which professions are mentioned? Answer: The
relative_clause,doctor->nurse,doctor,nurse,student,interviewed,The doctor who interviewed the student smiled.,The student whom the doctor interviewed smiled.,The doctor whom the student interviewed smiled.,The student who interviewed the doctor smiled.,Question: Who interviewed someone? Answer: The,,Question: Which professions are mentioned? Answer: The
relative_clause,doctor->nurse,doctor,nurse,student,photographed,The doctor who photographed the student smiled.,The student whom the doctor photographed smiled.,The doctor whom the student photographed smiled.,The student who photographed the doctor smiled.,Question: Who photographed someone? Answer: The,,Question: Which professions are mentioned? Answer: The
relative_clause,doctor->nurse,doctor,nurse,student,praised,The doctor who praised the student smiled.,The student whom the doctor praised smiled.,The doctor whom the student praised smiled.,The student who praised the doctor smiled.,Question: Who praised someone? Answer: The,,Question: Which professions are mentioned? Answer: The
relative_clause,doctor->nurse,doctor,nurse,student,criticized,The doctor who criticized the student smiled.,The student whom the doctor criticized smiled.,The doctor whom the student criticized smiled.,The student who criticized the doctor smiled.,Question: Who criticized someone? Answer: The,,Question: Which professions are mentioned? Answer: The
relative_clause,doctor->nurse,doctor,nurse,student,hired,The doctor who hired the student smiled.,The student whom the doctor hired smiled.,The doctor whom the student hired smiled.,The student who hired the doctor smiled.,Question: Who hired someone? Answer: The,,Question: Which professions are mentioned? Answer: The
relative_clause,doctor->nurse,doctor,nurse,student,fired,The doctor who fired the student smiled.,The student whom the doctor fired smiled.,The doctor whom the student fired smiled.,The student who fired the doctor smiled.,Question: Who fired someone? Answer: The,,Question: Which professions are mentioned? Answer: The
relative_clause,doctor->nurse,doctor,nurse,student,tutored,The doctor who tutored the student smiled.,The student whom the doctor tutored smiled.,The doctor whom the student tutored smiled.,The student who tutored the doctor smiled.,Question: Who tutored someone? Answer: The,,Question: Which professions are mentioned? Answer: The
relative_clause,doctor->nurse,doctor,nurse,student,sketched,The doctor who sketched the student smiled.,The student whom the doctor sketched smiled.,The doctor whom the student sketched smiled.,The student who sketched the doctor smiled.,Question: Who sketched someone? Answer: The,,Question: Which professions are mentioned? Answer: The
relative_clause,doctor->nurse,doctor,nurse,driver,treated,The doctor who treated the driver smiled.,The driver whom the doctor treated smiled.,The doctor whom the driver treated smiled.,The driver who treated the doctor smiled.,Question: Who treated someone? Answer: The,,Question: Which professions are mentioned? Answer: The
relative_clause,doctor->nurse,doctor,nurse,driver,examined,The doctor who examined the driver smiled.,The driver whom the doctor examined smiled.,The doctor whom the driver examined smiled.,The driver who examined the doctor smiled.,Question: Who examined someone? Answer: The,,Question: Which professions are mentioned? Answer: The
relative_clause,doctor->nurse,doctor,nurse,driver,interviewed,The doctor who interviewed the driver smiled.,The driver whom the doctor interviewed smiled.,The doctor whom the driver interviewed smiled.,The driver who interviewed the doctor smiled.,Question: Who interviewed someone? Answer: The,,Question: Which professions are mentioned? Answer: The
relative_clause,doctor->nurse,doctor,nurse,driver,photographed,The doctor who photographed the driver smiled.,The driver whom the doctor photographed smiled.,The doctor whom the driver photographed smiled.,The driver who photographed the doctor smiled.,Question: Who photographed someone? Answer: The,,Question: Which professions are mentioned? Answer: The
relative_clause,doctor->nurse,doctor,nurse,driver,praised,The doctor who praised the driver smiled.,The driver whom the doctor praised smiled.,The doctor whom the driver praised smiled.,The driver who praised the doctor smiled.,Question: Who praised someone? Answer: The,,Question: Which professions are mentioned? Answer: The
relative_clause,doctor->nurse,doctor,nurse,driver,criticized,The doctor who criticized the driver smiled.,The driver whom the doctor criticized smiled.,The doctor whom the driver criticized smiled.,The driver who criticized the doctor smiled.,Question: Who criticized someone? Answer: The,,Question: Which professions are mentioned? Answer: The
relative_clause,doctor->nurse,doctor,nurse,driver,hired,The doctor who hired the driver smiled.,The driver whom the doctor hired smiled.,The doctor whom the driver hired smiled.,The driver who hired the doctor smiled.,Question: Who hired someone? Answer: The,,Question: Which professions are mentioned? Answer: The
relative_clause,doctor->nurse,doctor,nurse,driver,fired,The doctor who fired the driver smiled.,The driver whom the doctor fired smiled.,The doctor whom the driver fired smiled.,The driver who fired the doctor smiled.,Question: Who fired someone? Answer: The,,Question: Which professions are mentioned? Answer: The
relative_clause,doctor->nurse,doctor,nurse,driver,tutored,The doctor who tutored the driver smiled.,The driver whom the doctor tutored smiled.,The doctor whom the driver tutored smiled.,The driver who tutored the doctor smiled.,Question: Who tutored someone? Answer: The,,Question: Which professions are mentioned? Answer: The
relative_clause,doctor->nurse,doctor,nurse,driver,sketched,The doctor who sketched the driver smiled.,The driver whom the doctor sketched smiled.,The doctor whom the driver sketched smiled.,The driver who sketched the doctor smiled.,Question: Who sketched someone? Answer: The,,Question: Which professions are mentioned? Answer: The
relative_clause,doctor->nurse,doctor,nurse,passenger,treated,The doctor who treated the passenger smiled.,The passenger whom the doctor treated smiled.,The doctor whom the passenger treated smiled.,The passenger who treated the doctor smiled.,Question: Who treated someone? Answer: The,,Question: Which professions are mentioned? Answer: The
relative_clause,doctor->nurse,doctor,nurse,passenger,examined,The doctor who examined the passenger smiled.,The passenger whom the doctor examined smiled.,The doctor whom the passenger examined smiled.,The passenger who examined the doctor smiled.,Question: Who examined someone? Answer: The,,Question: Which professions are mentioned? Answer: The
relative_clause,doctor->nurse,doctor,nurse,passenger,interviewed,The doctor who interviewed the passenger smiled.,The passenger whom the doctor interviewed smiled.,The doctor whom the passenger interviewed smiled.,The passenger who interviewed the doctor smiled.,Question: Who interviewed someone? Answer: The,,Question: Which professions are mentioned? Answer: The
relative_clause,doctor->nurse,doctor,nurse,passenger,photographed,The doctor who photographed the passenger smiled.,The passenger whom the doctor photographed smiled.,The doctor whom the passenger photographed smiled.,The passenger who photographed the doctor smiled.,Question: Who photographed someone? Answer: The,,Question: Which professions are mentioned? Answer: The
relative_clause,doctor->nurse,doctor,nurse,passenger,praised,The doctor who praised the passenger smiled.,The passenger whom the doctor praised smiled.,The doctor whom the passenger praised smiled.,The passenger who praised the doctor smiled.,Question: Who praised someone? Answer: The,,Question: Which professions are mentioned? Answer: The
relative_clause,doctor->nurse,doctor,nurse,passenger,criticized,The doctor who criticized the passenger smiled.,The passenger whom the doctor criticized smiled.,The doctor whom the passenger criticized smiled.,The passenger who criticized the doctor smiled.,Question: Who criticized someone? Answer: The,,Question: Which professions are mentioned? Answer: The
relative_clause,doctor->nurse,doctor,nurse,passenger,hired,The doctor who hired the passenger smiled.,The passenger whom the doctor hired smiled.,The doctor whom the passenger hired smiled.,The passenger who hired the doctor smiled.,Question: Who hired someone? Answer: The,,Question: Which professions are mentioned? Answer: The
relative_clause,doctor->nurse,doctor,nurse,passenger,fired,The doctor who fired the passenger smiled.,The passenger whom the doctor fired smiled.,The doctor whom the passenger fired smiled.,The passenger who fired the doctor smiled.,Question: Who fired someone? Answer: The,,Question: Which professions are mentioned? Answer: The
relative_clause,doctor->nurse,doctor,nurse,passenger,tutored,The doctor who tutored the passenger smiled.,The passenger whom the doctor tutored smiled.,The doctor whom the passenger tutored smiled.,The passenger who tutored the doctor smiled.,Question: Who tutored someone? Answer: The,,Question: Which professions are mentioned? Answer: The
relative_clause,doctor->nurse,doctor,nurse,passenger,sketched,The doctor who sketched the passenger smiled.,The passenger whom the doctor sketched smiled.,The doctor whom the passenger sketched smiled.,The passenger who sketched the doctor smiled.,Question: Who sketched someone? Answer: The,,Question: Which professions are mentioned? Answer: The
active_passive,teacher->student,teacher,student,judge,treated,The teacher treated the judge.,The judge was treated by the teacher.,The teacher was treated by the judge.,The judge treated the teacher.,Question: Who treated someone? Answer: The,,Question: Which professions are mentioned? Answer: The
active_passive,teacher->student,teacher,student,judge,examined,The teacher examined the judge.,The judge was examined by the teacher.,The teacher was examined by the judge.,The judge examined the teacher.,Question: Who examined someone? Answer: The,,Question: Which professions are mentioned? Answer: The
active_passive,teacher->student,teacher,student,judge,interviewed,The teacher interviewed the judge.,The judge was interviewed by the teacher.,The teacher was interviewed by the judge.,The judge interviewed the teacher.,Question: Who interviewed someone? Answer: The,,Question: Which professions are mentioned? Answer: The
active_passive,teacher->student,teacher,student,judge,photographed,The teacher photographed the judge.,The judge was photographed by the teacher.,The teacher was photographed by the judge.,The judge photographed the teacher.,Question: Who photographed someone? Answer: The,,Question: Which professions are mentioned? Answer: The
active_passive,teacher->student,teacher,student,judge,praised,The teacher praised the judge.,The judge was praised by the teacher.,The teacher was praised by the judge.,The judge praised the teacher.,Question: Who praised someone? Answer: The,,Question: Which professions are mentioned? Answer: The
active_passive,teacher->student,teacher,student,judge,criticized,The teacher criticized the judge.,The judge was criticized by the teacher.,The teacher was criticized by the judge.,The judge criticized the teacher.,Question: Who criticized someone? Answer: The,,Question: Which professions are mentioned? Answer: The
active_passive,teacher->student,teacher,student,judge,hired,The teacher hired the judge.,The judge was hired by the teacher.,The teacher was hired by the judge.,The judge hired the teacher.,Question: Who hired someone? Answer: The,,Question: Which professions are mentioned? Answer: The
active_passive,teacher->student,teacher,student,judge,fired,The teacher fired the judge.,The judge was fired by the teacher.,The teacher was fired by the judge.,The judge fired the teacher.,Question: Who fired someone? Answer: The,,Question: Which professions are mentioned? Answer: The
active_passive,teacher->student,teacher,student,judge,tutored,The teacher tutored the judge.,The judge was tutored by the teacher.,The teacher was tutored by the judge.,The judge tutored the teacher.,Question: Who tutored someone? Answer: The,,Question: Which professions are mentioned? Answer: The
active_passive,teacher->student,teacher,student,judge,sketched,The teacher sketched the judge.,The judge was sketched by the teacher.,The teacher was sketched by the judge.,The judge sketched the teacher.,Question: Who sketched someone? Answer: The,,Question: Which professions are mentioned? Answer: The
active_passive,teacher->student,teacher,student,doctor,treated,The teacher treated the doctor.,The doctor was treated by the teacher.,The teacher was treated by the doctor.,The doctor treated the teacher.,Question: Who treated someone? Answer: The,,Question: Which professions are mentioned? Answer: The
active_passive,teacher->student,teacher,student,doctor,examined,The teacher examined the doctor.,The doctor was examined by the teacher.,The teacher was examined by the doctor.,The doctor examined the teacher.,Question: Who examined someone? Answer: The,,Question: Which professions are mentioned? Answer: The
active_passive,teacher->student,teacher,student,doctor,interviewed,The teacher interviewed the doctor.,The doctor was interviewed by the teacher.,The teacher was interviewed by the doctor.,The doctor interviewed the teacher.,Question: Who interviewed someone? Answer: The,,Question: Which professions are mentioned? Answer: The
active_passive,teacher->student,teacher,student,doctor,photographed,The teacher photographed the doctor.,The doctor was photographed by the teacher.,The teacher was photographed by the doctor.,The doctor photographed the teacher.,Question: Who photographed someone? Answer: The,,Question: Which professions are mentioned? Answer: The
active_passive,teacher->student,teacher,student,doctor,praised,The teacher praised the doctor.,The doctor was praised by the teacher.,The teacher was praised by the doctor.,The doctor praised the teacher.,Question: Who praised someone? Answer: The,,Question: Which professions are mentioned? Answer: The
active_passive,teacher->student,teacher,student,doctor,criticized,The teacher criticized the doctor.,The doctor was criticized by the teacher.,The teacher was criticized by the doctor.,The doctor criticized the teacher.,Question: Who criticized someone? Answer: The,,Question: Which professions are mentioned? Answer: The
active_passive,teacher->student,teacher,student,doctor,hired,The teacher hired the doctor.,The doctor was hired by the teacher.,The teacher was hired by the doctor.,The doctor hired the teacher.,Question: Who hired someone? Answer: The,,Question: Which professions are mentioned? Answer: The
active_passive,teacher->student,teacher,student,doctor,fired,The teacher fired the doctor.,The doctor was fired by the teacher.,The teacher was fired by the doctor.,The doctor fired the teacher.,Question: Who fired someone? Answer: The,,Question: Which professions are mentioned? Answer: The
active_passive,teacher->student,teacher,student,doctor,tutored,The teacher tutored the doctor.,The doctor was tutored by the teacher.,The teacher was tutored by the doctor.,The doctor tutored the teacher.,Question: Who tutored someone? Answer: The,,Question: Which professions are mentioned? Answer: The
active_passive,teacher->student,teacher,student,doctor,sketched,The teacher sketched the doctor.,The doctor was sketched by the teacher.,The teacher was sketched by the doctor.,The doctor sketched the teacher.,Question: Who sketched someone? Answer: The,,Question: Which professions are mentioned? Answer: The
active_passive,teacher->student,teacher,student,nurse,treated,The teacher treated the nurse.,The nurse was treated by the teacher.,The teacher was treated by the nurse.,The nurse treated the teacher.,Question: Who treated someone? Answer: The,,Question: Which professions are mentioned? Answer: The
active_passive,teacher->student,teacher,student,nurse,examined,The teacher examined the nurse.,The nurse was examined by the teacher.,The teacher was examined by the nurse.,The nurse examined the teacher.,Question: Who examined someone? Answer: The,,Question: Which professions are mentioned? Answer: The
active_passive,teacher->student,teacher,student,nurse,interviewed,The teacher interviewed the nurse.,The nurse was interviewed by the teacher.,The teacher was interviewed by the nurse.,The nurse interviewed the teacher.,Question: Who interviewed someone? Answer: The,,Question: Which professions are mentioned? Answer: The
active_passive,teacher->student,teacher,student,nurse,photographed,The teacher photographed the nurse.,The nurse was photographed by the teacher.,The teacher was photographed by the nurse.,The nurse photographed the teacher.,Question: Who photographed someone? Answer: The,,Question: Which professions are mentioned? Answer: The
active_passive,teacher->student,teacher,student,nurse,praised,The teacher praised the nurse.,The nurse was praised by the teacher.,The teacher was praised by the nurse.,The nurse praised the teacher.,Question: Who praised someone? Answer: The,,Question: Which professions are mentioned? Answer: The
active_passive,teacher->student,teacher,student,nurse,criticized,The teacher criticized the nurse.,The nurse was criticized by the teacher.,The teacher was criticized by the nurse.,The nurse criticized the teacher.,Question: Who criticized someone? Answer: The,,Question: Which professions are mentioned? Answer: The
active_passive,teacher->student,teacher,student,nurse,hired,The teacher hired the nurse.,The nurse was hired by the teacher.,The teacher was hired by the nurse.,The nurse hired the teacher.,Question: Who hired someone? Answer: The,,Question: Which professions are mentioned? Answer: The
active_passive,teacher->student,teacher,student,nurse,fired,The teacher fired the nurse.,The nurse was fired by the teacher.,The teacher was fired by the nurse.,The nurse fired the teacher.,Question: Who fired someone? Answer: The,,Question: Which professions are mentioned? Answer: The
active_passive,teacher->student,teacher,student,nurse,tutored,The teacher tutored the nurse.,The nurse was tutored by the teacher.,The teacher was tutored by the nurse.,The nurse tutored the teacher.,Question: Who tutored someone? Answer: The,,Question: Which professions are mentioned? Answer: The
active_passive,teacher->student,teacher,student,nurse,sketched,The teacher sketched the nurse.,The nurse was sketched by the teacher.,The teacher was sketched by the nurse.,The nurse sketched the teacher.,Question: Who sketched someone? Answer: The,,Question: Which professions are mentioned? Answer: The
active_passive,teacher->student,teacher,student,driver,treated,The teacher treated the driver.,The driver was treated by the teacher.,The teacher was treated by the driver.,The driver treated the teacher.,Question: Who treated someone? Answer: The,,Question: Which professions are mentioned? Answer: The
active_passive,teacher->student,teacher,student,driver,examined,The teacher examined the driver.,The driver was examined by the teacher.,The teacher was examined by the driver.,The driver examined the teacher.,Question: Who examined someone? Answer: The,,Question: Which professions are mentioned? Answer: The
active_passive,teacher->student,teacher,student,driver,interviewed,The teacher interviewed the driver.,The driver was interviewed by the teacher.,The teacher was interviewed by the driver.,The driver interviewed the teacher.,Question: Who interviewed someone? Answer: The,,Question: Which professions are mentioned? Answer: The
active_passive,teacher->student,teacher,student,driver,photographed,The teacher photographed the driver.,The driver was photographed by the teacher.,The teacher was photographed by the driver.,The driver photographed the teacher.,Question: Who photographed someone? Answer: The,,Question: Which professions are mentioned? Answer: The
active_passive,teacher->student,teacher,student,driver,praised,The teacher praised the driver.,The driver was praised by the teacher.,The teacher was praised by the driver.,The driver praised the teacher.,Question: Who praised someone? Answer: The,,Question: Which professions are mentioned? Answer: The
active_passive,teacher->student,teacher,student,driver,criticized,The teacher criticized the driver.,The driver was criticized by the teacher.,The teacher was criticized by the driver.,The driver criticized the teacher.,Question: Who criticized someone? Answer: The,,Question: Which professions are mentioned? Answer: The
active_passive,teacher->student,teacher,student,driver,hired,The teacher hired the driver.,The driver was hired by the teacher.,The teacher was hired by the driver.,The driver hired the teacher.,Question: Who hired someone? Answer: The,,Question: Which professions are mentioned? Answer: The
active_passive,teacher->student,teacher,student,driver,fired,The teacher fired the driver.,The driver was fired by the teacher.,The teacher was fired by the driver.,The driver fired the teacher.,Question: Who fired someone? Answer: The,,Question: Which professions are mentioned? Answer: The
active_passive,teacher->student,teacher,student,driver,tutored,The teacher tutored the driver.,The driver was tutored by the teacher.,The teacher was tutored by the driver.,The driver tutored the teacher.,Question: Who tutored someone? Answer: The,,Question: Which professions are mentioned? Answer: The
active_passive,teacher->student,teacher,student,driver,sketched,The teacher sketched the driver.,The driver was sketched by the teacher.,The teacher was sketched by the driver.,The driver sketched the teacher.,Question: Who sketched someone? Answer: The,,Question: Which professions are mentioned? Answer: The
active_passive,teacher->student,teacher,student,passenger,treated,The teacher treated the passenger.,The passenger was treated by the teacher.,The teacher was treated by the passenger.,The passenger treated the teacher.,Question: Who treated someone? Answer: The,,Question: Which professions are mentioned? Answer: The
active_passive,teacher->student,teacher,student,passenger,examined,The teacher examined the passenger.,The passenger was examined by the teacher.,The teacher was examined by the passenger.,The passenger examined the teacher.,Question: Who examined someone? Answer: The,,Question: Which professions are mentioned? Answer: The
active_passive,teacher->student,teacher,student,passenger,interviewed,The teacher interviewed the passenger.,The passenger was interviewed by the teacher.,The teacher was interviewed by the passenger.,The passenger interviewed the teacher.,Question: Who interviewed someone? Answer: The,,Question: Which professions are mentioned? Answer: The
active_passive,teacher->student,teacher,student,passenger,photographed,The teacher photographed the passenger.,The passenger was photographed by the teacher.,The teacher was photographed by the passenger.,The passenger photographed the teacher.,Question: Who photographed someone? Answer: The,,Question: Which professions are mentioned? Answer: The
active_passive,teacher->student,teacher,student,passenger,praised,The teacher praised the passenger.,The passenger was praised by the teacher.,The teacher was praised by the passenger.,The passenger praised the teacher.,Question: Who praised someone? Answer: The,,Question: Which professions are mentioned? Answer: The
active_passive,teacher->student,teacher,student,passenger,criticized,The teacher criticized the passenger.,The passenger was criticized by the teacher.,The teacher was criticized by the passenger.,The passenger criticized the teacher.,Question: Who criticized someone? Answer: The,,Question: Which professions are mentioned? Answer: The
active_passive,teacher->student,teacher,student,passenger,hired,The teacher hired the passenger.,The passenger was hired by the teacher.,The teacher was hired by the passenger.,The passenger hired the teacher.,Question: Who hired someone? Answer: The,,Question: Which professions are mentioned? Answer: The
active_passive,teacher->student,teacher,student,passenger,fired,The teacher fired the passenger.,The passenger was fired by the teacher.,The teacher was fired by the passenger.,The passenger fired the teacher.,Question: Who fired someone? Answer: The,,Question: Which professions are mentioned? Answer: The
active_passive,teacher->student,teacher,student,passenger,tutored,The teacher tutored the passenger.,The passenger was tutored by the teacher.,The teacher was tutored by the passenger.,The passenger tutored the teacher.,Question: Who tutored someone? Answer: The,,Question: Which professions are mentioned? Answer: The
active_passive,teacher->student,teacher,student,passenger,sketched,The teacher sketched the passenger.,The passenger was sketched by the teacher.,The teacher was sketched by the passenger.,The passenger sketched the teacher.,Question: Who sketched someone? Answer: The,,Question: Which professions are mentioned? Answer: The
dative,teacher->student,teacher,student,judge,handed,The teacher handed a letter to the judge.,The judge was handed a letter by the teacher.,The teacher was handed a letter by the judge.,The judge handed a letter to the teacher.,Question: Who handed a letter to someone? Answer: The,Question: Who was handed the letter by someone? Answer: The,Question: Which professions are mentioned? Answer: The
dative,teacher->student,teacher,student,judge,sent,The teacher sent a letter to the judge.,The judge was sent a letter by the teacher.,The teacher was sent a letter by the judge.,The judge sent a letter to the teacher.,Question: Who sent a letter to someone? Answer: The,Question: Who was sent the letter by someone? Answer: The,Question: Which professions are mentioned? Answer: The
dative,teacher->student,teacher,student,judge,mailed,The teacher mailed a letter to the judge.,The judge was mailed a letter by the teacher.,The teacher was mailed a letter by the judge.,The judge mailed a letter to the teacher.,Question: Who mailed a letter to someone? Answer: The,Question: Who was mailed the letter by someone? Answer: The,Question: Which professions are mentioned? Answer: The
dative,teacher->student,teacher,student,judge,offered,The teacher offered a letter to the judge.,The judge was offered a letter by the teacher.,The teacher was offered a letter by the judge.,The judge offered a letter to the teacher.,Question: Who offered a letter to someone? Answer: The,Question: Who was offered the letter by someone? Answer: The,Question: Which professions are mentioned? Answer: The
dative,teacher->student,teacher,student,judge,promised,The teacher promised a letter to the judge.,The judge was promised a letter by the teacher.,The teacher was promised a letter by the judge.,The judge promised a letter to the teacher.,Question: Who promised a letter to someone? Answer: The,Question: Who was promised the letter by someone? Answer: The,Question: Which professions are mentioned? Answer: The
dative,teacher->student,teacher,student,doctor,handed,The teacher handed a letter to the doctor.,The doctor was handed a letter by the teacher.,The teacher was handed a letter by the doctor.,The doctor handed a letter to the teacher.,Question: Who handed a letter to someone? Answer: The,Question: Who was handed the letter by someone? Answer: The,Question: Which professions are mentioned? Answer: The
dative,teacher->student,teacher,student,doctor,sent,The teacher sent a letter to the doctor.,The doctor was sent a letter by the teacher.,The teacher was sent a letter by the doctor.,The doctor sent a letter to the teacher.,Question: Who sent a letter to someone? Answer: The,Question: Who was sent the letter by someone? Answer: The,Question: Which professions are mentioned? Answer: The
dative,teacher->student,teacher,student,doctor,mailed,The teacher mailed a letter to the doctor.,The doctor was mailed a letter by the teacher.,The teacher was mailed a letter by the doctor.,The doctor mailed a letter to the teacher.,Question: Who mailed a letter to someone? Answer: The,Question: Who was mailed the letter by someone? Answer: The,Question: Which professions are mentioned? Answer: The
dative,teacher->student,teacher,student,doctor,offered,The teacher offered a letter to the doctor.,The doctor was offered a letter by the teacher.,The teacher was offered a letter by the doctor.,The doctor offered a letter to the teacher.,Question: Who offered a letter to someone? Answer: The,Question: Who was offered the letter by someone? Answer: The,Question: Which professions are mentioned? Answer: The
dative,teacher->student,teacher,student,doctor,promised,The teacher promised a letter to the doctor.,The doctor was promised a letter by the teacher.,The teacher was promised a letter by the doctor.,The doctor promised a letter to the teacher.,Question: Who promised a letter to someone? Answer: The,Question: Who was promised the letter by someone? Answer: The,Question: Which professions are mentioned? Answer: The
dative,teacher->student,teacher,student,nurse,handed,The teacher handed a letter to the nurse.,The nurse was handed a letter by the teacher.,The teacher was handed a letter by the nurse.,The nurse handed a letter to the teacher.,Question: Who handed a letter to someone? Answer: The,Question: Who was handed the letter by someone? Answer: The,Question: Which professions are mentioned? Answer: The
dative,teacher->student,teacher,student,nurse,sent,The teacher sent a letter to the nurse.,The nurse was sent a letter by the teacher.,The teacher was sent a letter by the nurse.,The nurse sent a letter to the teacher.,Question: Who sent a letter to someone? Answer: The,Question: Who was sent the letter by someone? Answer: The,Question: Which professions are mentioned? Answer: The
dative,teacher->student,teacher,student,nurse,mailed,The teacher mailed a letter to the nurse.,The nurse was mailed a letter by the teacher.,The teacher was mailed a letter by the nurse.,The nurse mailed a letter to the teacher.,Question: Who mailed a letter to someone? Answer: The,Question: Who was mailed the letter by someone? Answer: The,Question: Which professions are mentioned? Answer: The
dative,teacher->student,teacher,student,nurse,offered,The teacher offered a letter to the nurse.,The nurse was offered a letter by the teacher.,The teacher was offered a letter by the nurse.,The nurse offered a letter to the teacher.,Question: Who offered a letter to someone? Answer: The,Question: Who was offered the letter by someone? Answer: The,Question: Which professions are mentioned? Answer: The
dative,teacher->student,teacher,student,nurse,promised,The teacher promised a letter to the nurse.,The nurse was promised a letter by the teacher.,The teacher was promised a letter by the nurse.,The nurse promised a letter to the teacher.,Question: Who promised a letter to someone? Answer: The,Question: Who was promised the letter by someone? Answer: The,Question: Which professions are mentioned? Answer: The
dative,teacher->student,teacher,student,driver,handed,The teacher handed a letter to the driver.,The driver was handed a letter by the teacher.,The teacher was handed a letter by the driver.,The driver handed a letter to the teacher.,Question: Who handed a letter to someone? Answer: The,Question: Who was handed the letter by someone? Answer: The,Question: Which professions are mentioned? Answer: The
dative,teacher->student,teacher,student,driver,sent,The teacher sent a letter to the driver.,The driver was sent a letter by the teacher.,The teacher was sent a letter by the driver.,The driver sent a letter to the teacher.,Question: Who sent a letter to someone? Answer: The,Question: Who was sent the letter by someone? Answer: The,Question: Which professions are mentioned? Answer: The
dative,teacher->student,teacher,student,driver,mailed,The teacher mailed a letter to the driver.,The driver was mailed a letter by the teacher.,The teacher was mailed a letter by the driver.,The driver mailed a letter to the teacher.,Question: Who mailed a letter to someone? Answer: The,Question: Who was mailed the letter by someone? Answer: The,Question: Which professions are mentioned? Answer: The
dative,teacher->student,teacher,student,driver,offered,The teacher offered a letter to the driver.,The driver was offered a letter by the teacher.,The teacher was offered a letter by the driver.,The driver offered a letter to the teacher.,Question: Who offered a letter to someone? Answer: The,Question: Who was offered the letter by someone? Answer: The,Question: Which professions are mentioned? Answer: The
dative,teacher->student,teacher,student,driver,promised,The teacher promised a letter to the driver.,The driver was promised a letter by the teacher.,The teacher was promised a letter by the driver.,The driver promised a letter to the teacher.,Question: Who promised a letter to someone? Answer: The,Question: Who was promised the letter by someone? Answer: The,Question: Which professions are mentioned? Answer: The
dative,teacher->student,teacher,student,passenger,handed,The teacher handed a letter to the passenger.,The passenger was handed a letter by the teacher.,The teacher was handed a letter by the passenger.,The passenger handed a letter to the teacher.,Question: Who handed a letter to someone? Answer: The,Question: Who was handed the letter by someone? Answer: The,Question: Which professions are mentioned? Answer: The
dative,teacher->student,teacher,student,passenger,sent,The teacher sent a letter to the passenger.,The passenger was sent a letter by the teacher.,The teacher was sent a letter by the passenger.,The passenger sent a letter to the teacher.,Question: Who sent a letter to someone? Answer: The,Question: Who was sent the letter by someone? Answer: The,Question: Which professions are mentioned? Answer: The
dative,teacher->student,teacher,student,passenger,mailed,The teacher mailed a letter to the passenger.,The passenger was mailed a letter by the teacher.,The teacher was mailed a letter by the passenger.,The passenger mailed a letter to the teacher.,Question: Who mailed a letter to someone? Answer: The,Question: Who was mailed the letter by someone? Answer: The,Question: Which professions are mentioned? Answer: The
dative,teacher->student,teacher,student,passenger,offered,The teacher offered a letter to the passenger.,The passenger was offered a letter by the teacher.,The teacher was offered a letter by the passenger.,The passenger offered a letter to the teacher.,Question: Who offered a letter to someone? Answer: The,Question: Who was offered the letter by someone? Answer: The,Question: Which professions are mentioned? Answer: The
dative,teacher->student,teacher,student,passenger,promised,The teacher promised a letter to the passenger.,The passenger was promised a letter by the teacher.,The teacher was promised a letter by the passenger.,The passenger promised a letter to the teacher.,Question: Who promised a letter to someone? Answer: The,Question: Who was promised the letter by someone? Answer: The,Question: Which professions are mentioned? Answer: The
dative,teacher->student,teacher,student,lawyer,handed,The teacher handed a letter to the lawyer.,The lawyer was handed a letter by the teacher.,The teacher was handed a letter by the lawyer.,The lawyer handed a letter to the teacher.,Question: Who handed a letter to someone? Answer: The,Question: Who was handed the letter by someone? Answer: The,Question: Which professions are mentioned? Answer: The
dative,teacher->student,teacher,student,lawyer,sent,The teacher sent a letter to the lawyer.,The lawyer was sent a letter by the teacher.,The teacher was sent a letter by the lawyer.,The lawyer sent a letter to the teacher.,Question: Who sent a letter to someone? Answer: The,Question: Who was sent the letter by someone? Answer: The,Question: Which professions are mentioned? Answer: The
dative,teacher->student,teacher,student,lawyer,mailed,The teacher mailed a letter to the lawyer.,The lawyer was mailed a letter by the teacher.,The teacher was mailed a letter by the lawyer.,The lawyer mailed a letter to the teacher.,Question: Who mailed a letter to someone? Answer: The,Question: Who was mailed the letter by someone? Answer: The,Question: Which professions are mentioned? Answer: The
dative,teacher->student,teacher,student,lawyer,offered,The teacher offered a letter to the lawyer.,The lawyer was offered a letter by the teacher.,The teacher was offered a letter by the lawyer.,The lawyer offered a letter to the teacher.,Question: Who offered a letter to someone? Answer: The,Question: Who was offered the letter by someone? Answer: The,Question: Which professions are mentioned? Answer: The
dative,teacher->student,teacher,student,lawyer,promised,The teacher promised a letter to the lawyer.,The lawyer was promised a letter by the teacher.,The teacher was promised a letter by the lawyer.,The lawyer promised a letter to the teacher.,Question: Who promised a letter to someone? Answer: The,Question: Who was promised the letter by someone? Answer: The,Question: Which professions are mentioned? Answer: The
dative,teacher->student,teacher,student,pilot,handed,The teacher handed a letter to the pilot.,The pilot was handed a letter by the teacher.,The teacher was handed a letter by the pilot.,The pilot handed a letter to the teacher.,Question: Who handed a letter to someone? Answer: The,Question: Who was handed the letter by someone? Answer: The,Question: Which professions are mentioned? Answer: The
dative,teacher->student,teacher,student,pilot,sent,The teacher sent a letter to the pilot.,The pilot was sent a letter by the teacher.,The teacher was sent a letter by the pilot.,The pilot sent a letter to the teacher.,Question: Who sent a letter to someone? Answer: The,Question: Who was sent the letter by someone? Answer: The,Question: Which professions are mentioned? Answer: The
dative,teacher->student,teacher,student,pilot,mailed,The teacher mailed a letter to the pilot.,The pilot was mailed a letter by the teacher.,The teacher was mailed a letter by the pilot.,The pilot mailed a letter to the teacher.,Question: Who mailed a letter to someone? Answer: The,Question: Who was mailed the letter by someone? Answer: The,Question: Which professions are mentioned? Answer: The
dative,teacher->student,teacher,student,pilot,offered,The teacher offered a letter to the pilot.,The pilot was offered a letter by the teacher.,The teacher was offered a letter by the pilot.,The pilot offered a letter to the teacher.,Question: Who offered a letter to someone? Answer: The,Question: Who was offered the letter by someone? Answer: The,Question: Which professions are mentioned? Answer: The
dative,teacher->student,teacher,student,pilot,promised,The teacher promised a letter to the pilot.,The pilot was promised a letter by the teacher.,The teacher was promised a letter by the pilot.,The pilot promised a letter to the teacher.,Question: Who promised a letter to someone? Answer: The,Question: Who was promised the letter by someone? Answer: The,Question: Which professions are mentioned? Answer: The
dative,teacher->student,teacher,student,chef,handed,The teacher handed a letter to the chef.,The chef was handed a letter by the teacher.,The teacher was handed a letter by the chef.,The chef handed a letter to the teacher.,Question: Who handed a letter to someone? Answer: The,Question: Who was handed the letter by someone? Answer: The,Question: Which professions are mentioned? Answer: The
dative,teacher->student,teacher,student,chef,sent,The teacher sent a letter to the chef.,The chef was sent a letter by the teacher.,The teacher was sent a letter by the chef.,The chef sent a letter to the teacher.,Question: Who sent a letter to someone? Answer: The,Question: Who was sent the letter by someone? Answer: The,Question: Which professions are mentioned? Answer: The
dative,teacher->student,teacher,student,chef,mailed,The teacher mailed a letter to the chef.,The chef was mailed a letter by the teacher.,The teacher was mailed a letter by the chef.,The chef mailed a letter to the teacher.,Question: Who mailed a letter to someone? Answer: The,Question: Who was mailed the letter by someone? Answer: The,Question: Which professions are mentioned? Answer: The
dative,teacher->student,teacher,student,chef,offered,The teacher offered a letter to the chef.,The chef was offered a letter by the teacher.,The teacher was offered a letter by the chef.,The chef offered a letter to the teacher.,Question: Who offered a letter to someone? Answer: The,Question: Who was offered the letter by someone? Answer: The,Question: Which professions are mentioned? Answer: The
dative,teacher->student,teacher,student,chef,promised,The teacher promised a letter to the chef.,The chef was promised a letter by the teacher.,The teacher was promised a letter by the chef.,The chef promised a letter to the teacher.,Question: Who promised a letter to someone? Answer: The,Question: Who was promised the letter by someone? Answer: The,Question: Which professions are mentioned? Answer: The
dative,teacher->student,teacher,student,farmer,handed,The teacher handed a letter to the farmer.,The farmer was handed a letter by the teacher.,The teacher was handed a letter by the farmer.,The farmer handed a letter to the teacher.,Question: Who handed a letter to someone? Answer: The,Question: Who was handed the letter by someone? Answer: The,Question: Which professions are mentioned? Answer: The
dative,teacher->student,teacher,student,farmer,sent,The teacher sent a letter to the farmer.,The farmer was sent a letter by the teacher.,The teacher was sent a letter by the farmer.,The farmer sent a letter to the teacher.,Question: Who sent a letter to someone? Answer: The,Question: Who was sent the letter by someone? Answer: The,Question: Which professions are mentioned? Answer: The
dative,teacher->student,teacher,student,farmer,mailed,The teacher mailed a letter to the farmer.,The farmer was mailed a letter by the teacher.,The teacher was mailed a letter by the farmer.,The farmer mailed a letter to the teacher.,Question: Who mailed a letter to someone? Answer: The,Question: Who was mailed the letter by someone? Answer: The,Question: Which professions are mentioned? Answer: The
dative,teacher->student,teacher,student,farmer,offered,The teacher offered a letter to the farmer.,The farmer was offered a letter by the teacher.,The teacher was offered a letter by the farmer.,The farmer offered a letter to the teacher.,Question: Who offered a letter to someone? Answer: The,Question: Who was offered the letter by someone? Answer: The,Question: Which professions are mentioned? Answer: The
dative,teacher->student,teacher,student,farmer,promised,The teacher promised a letter to the farmer.,The farmer was promised a letter by the teacher.,The teacher was promised a letter by the farmer.,The farmer promised a letter to the teacher.,Question: Who promised a letter to someone? Answer: The,Question: Who was promised the letter by someone? Answer: The,Question: Which professions are mentioned? Answer: The
dative,teacher->student,teacher,student,coach,handed,The teacher handed a letter to the coach.,The coach was handed a letter by the teacher.,The teacher was handed a letter by the coach.,The coach handed a letter to the teacher.,Question: Who handed a letter to someone? Answer: The,Question: Who was handed the letter by someone? Answer: The,Question: Which professions are mentioned? Answer: The
dative,teacher->student,teacher,student,coach,sent,The teacher sent a letter to the coach.,The coach was sent a letter by the teacher.,The teacher was sent a letter by the coach.,The coach sent a letter to the teacher.,Question: Who sent a letter to someone? Answer: The,Question: Who was sent the letter by someone? Answer: The,Question: Which professions are mentioned? Answer: The
dative,teacher->student,teacher,student,coach,mailed,The teacher mailed a letter to the coach.,The coach was mailed a letter by the teacher.,The teacher was mailed a letter by the coach.,The coach mailed a letter to the teacher.,Question: Who mailed a letter to someone? Answer: The,Question: Who was mailed the letter by someone? Answer: The,Question: Which professions are mentioned? Answer: The
dative,teacher->student,teacher,student,coach,offered,The teacher offered a letter to the coach.,The coach was offered a letter by the teacher.,The teacher was offered a letter by the coach.,The coach offered a letter to the teacher.,Question: Who offered a letter to someone? Answer: The,Question: Who was offered the letter by someone? Answer: The,Question: Which professions are mentioned? Answer: The
dative,teacher->student,teacher,student,coach,promised,The teacher promised a letter to the coach.,The coach was promised a letter by the teacher.,The teacher was promised a letter by the coach.,The coach promised a letter to the teacher.,Question: Who promised a letter to someone? Answer: The,Question: Who was promised the letter by someone? Answer: The,Question: Which professions are mentioned? Answer: The
cleft,teacher->student,teacher,student,judge,treated,It was the teacher who treated the judge.,It was the judge whom the teacher treated.,It was the teacher whom the judge treated.,It was the judge who treated the teacher.,Question: Who treated someone? Answer: The,,Question: Which professions are mentioned? Answer: The
cleft,teacher->student,teacher,student,judge,examined,It was the teacher who examined the judge.,It was the judge whom the teacher examined.,It was the teacher whom the judge examined.,It was the judge who examined the teacher.,Question: Who examined someone? Answer: The,,Question: Which professions are mentioned? Answer: The
cleft,teacher->student,teacher,student,judge,interviewed,It was the teacher who interviewed the judge.,It was the judge whom the teacher interviewed.,It was the teacher whom the judge interviewed.,It was the judge who interviewed the teacher.,Question: Who interviewed someone? Answer: The,,Question: Which professions are mentioned? Answer: The
cleft,teacher->student,teacher,student,judge,photographed,It was the teacher who photographed the judge.,It was the judge whom the teacher photographed.,It was the teacher whom the judge photographed.,It was the judge who photographed the teacher.,Question: Who photographed someone? Answer: The,,Question: Which professions are mentioned? Answer: The
cleft,teacher->student,teacher,student,judge,praised,It was the teacher who praised the judge.,It was the judge whom the teacher praised.,It was the teacher whom the judge praised.,It was the judge who praised the teacher.,Question: Who praised someone? Answer: The,,Question: Which professions are mentioned? Answer: The
cleft,teacher->student,teacher,student,judge,criticized,It was the teacher who criticized the judge.,It was the judge whom the teacher criticized.,It was the teacher whom the judge criticized.,It was the judge who criticized the teacher.,Question: Who criticized someone? Answer: The,,Question: Which professions are mentioned? Answer: The
cleft,teacher->student,teacher,student,judge,hired,It was the teacher who hired the judge.,It was the judge whom the teacher hired.,It was the teacher whom the judge hired.,It was the judge who hired the teacher.,Question: Who hired someone? Answer: The,,Question: Which professions are mentioned? Answer: The
cleft,teacher->student,teacher,student,judge,fired,It was the teacher who fired the judge.,It was the judge whom the teacher fired.,It was the teacher whom the judge fired.,It was the judge who fired the teacher.,Question: Who fired someone? Answer: The,,Question: Which professions are mentioned? Answer: The
cleft,teacher->student,teacher,student,judge,tutored,It was the teacher who tutored the judge.,It was the judge whom the teacher tutored.,It was the teacher whom the judge tutored.,It was the judge who tutored the teacher.,Question: Who tutored someone? Answer: The,,Question: Which professions are mentioned? Answer: The
cleft,teacher->student,teacher,student,judge,sketched,It was the teacher who sketched the judge.,It was the judge whom the teacher sketched.,It was the teacher whom the judge sketched.,It was the judge who sketched the teacher.,Question: Who sketched someone? Answer: The,,Question: Which professions are mentioned? Answer: The
cleft,teacher->student,teacher,student,doctor,treated,It was the teacher who treated the doctor.,It was the doctor whom the teacher treated.,It was the teacher whom the doctor treated.,It was the doctor who treated the teacher.,Question: Who treated someone? Answer: The,,Question: Which professions are mentioned? Answer: The
cleft,teacher->student,teacher,student,doctor,examined,It was the teacher who examined the doctor.,It was the doctor whom the teacher examined.,It was the teacher whom the doctor examined.,It was the doctor who examined the teacher.,Question: Who examined someone? Answer: The,,Question: Which professions are mentioned? Answer: The
cleft,teacher->student,teacher,student,doctor,interviewed,It was the teacher who interviewed the doctor.,It was the doctor whom the teacher interviewed.,It was the teacher whom the doctor interviewed.,It was the doctor who interviewed the teacher.,Question: Who interviewed someone? Answer: The,,Question: Which professions are mentioned? Answer: The
cleft,teacher->student,teacher,student,doctor,photographed,It was the teacher who photographed the doctor.,It was the doctor whom the teacher photographed.,It was the teacher whom the doctor photographed.,It was the doctor who photographed the teacher.,Question: Who photographed someone? Answer: The,,Question: Which professions are mentioned? Answer: The
cleft,teacher->student,teacher,student,doctor,praised,It was the teacher who praised the doctor.,It was the doctor whom the teacher praised.,It was the teacher whom the doctor praised.,It was the doctor who praised the teacher.,Question: Who praised someone? Answer: The,,Question: Which professions are mentioned? Answer: The
cleft,teacher->student,teacher,student,doctor,criticized,It was the teacher who criticized the doctor.,It was the doctor whom the teacher criticized.,It was the teacher whom the doctor criticized.,It was the doctor who criticized the teacher.,Question: Who criticized someone? Answer: The,,Question: Which professions are mentioned? Answer: The
cleft,teacher->student,teacher,student,doctor,hired,It was the teacher who hired the doctor.,It was the doctor whom the teacher hired.,It was the teacher whom the doctor hired.,It was the doctor who hired the teacher.,Question: Who hired someone? Answer: The,,Question: Which professions are mentioned? Answer: The
cleft,teacher->student,teacher,student,doctor,fired,It was the teacher who fired the doctor.,It was the doctor whom the teacher fired.,It was the teacher whom the doctor fired.,It was the doctor who fired the teacher.,Question: Who fired someone? Answer: The,,Question: Which professions are mentioned? Answer: The
cleft,teacher->student,teacher,student,doctor,tutored,It was the teacher who tutored the doctor.,It was the doctor whom the teacher tutored.,It was the teacher whom the doctor tutored.,It was the doctor who tutored the teacher.,Question: Who tutored someone? Answer: The,,Question: Which professions are mentioned? Answer: The
cleft,teacher->student,teacher,student,doctor,sketched,It was the teacher who sketched the doctor.,It was the doctor whom the teacher sketched.,It was the teacher whom the doctor sketched.,It was the doctor who sketched the teacher.,Question: Who sketched someone? Answer: The,,Question: Which professions are mentioned? Answer: The
cleft,teacher->student,teacher,student,nurse,treated,It was the teacher who treated the nurse.,It was the nurse whom the teacher treated.,It was the teacher whom the nurse treated.,It was the nurse who treated the teacher.,Question: Who treated someone? Answer: The,,Question: Which professions are mentioned? Answer: The
cleft,teacher->student,teacher,student,nurse,examined,It was the teacher who examined the nurse.,It was the nurse whom the teacher examined.,It was the teacher whom the nurse examined.,It was the nurse who examined the teacher.,Question: Who examined someone? Answer: The,,Question: Which professions are mentioned? Answer: The
cleft,teacher->student,teacher,student,nurse,interviewed,It was the teacher who interviewed the nurse.,It was the nurse whom the teacher interviewed.,It was the teacher whom the nurse interviewed.,It was the nurse who interviewed the teacher.,Question: Who interviewed someone? Answer: The,,Question: Which professions are mentioned? Answer: The
cleft,teacher->student,teacher,student,nurse,photographed,It was the teacher who photographed the nurse.,It was the nurse whom the teacher photographed.,It was the teacher whom the nurse photographed.,It was the nurse who photographed the teacher.,Question: Who photographed someone? Answer: The,,Question: Which professions are mentioned? Answer: The
cleft,teacher->student,teacher,student,nurse,praised,It was the teacher who praised the nurse.,It was the nurse whom the teacher praised.,It was the teacher whom the nurse praised.,It was the nurse who praised the teacher.,Question: Who praised someone? Answer: The,,Question: Which professions are mentioned? Answer: The
cleft,teacher->student,teacher,student,nurse,criticized,It was the teacher who criticized the nurse.,It was the nurse whom the teacher criticized.,It was the teacher whom the nurse criticized.,It was the nurse who criticized the teacher.,Question: Who criticized someone? Answer: The,,Question: Which professions are mentioned? Answer: The
cleft,teacher->student,teacher,student,nurse,hired,It was the teacher who hired the nurse.,It was the nurse whom the teacher hired.,It was the teacher whom the nurse hired.,It was the nurse who hired the teacher.,Question: Who hired someone? Answer: The,,Question: Which professions are mentioned? Answer: The
cleft,teacher->student,teacher,student,nurse,fired,It was the teacher who fired the nurse.,It was the nurse whom the teacher fired.,It was the teacher whom the nurse fired.,It was the nurse who fired the teacher.,Question: Who fired someone? Answer: The,,Question: Which professions are mentioned? Answer: The
cleft,teacher->student,teacher,student,nurse,tutored,It was the teacher who tutored the nurse.,It was the nurse whom the teacher tutored.,It was the teacher whom the nurse tutored.,It was the nurse who tutored the teacher.,Question: Who tutored someone? Answer: The,,Question: Which professions are mentioned? Answer: The
cleft,teacher->student,teacher,student,nurse,sketched,It was the teacher who sketched the nurse.,It was the nurse whom the teacher sketched.,It was the teacher whom the nurse sketched.,It was the nurse who sketched the teacher.,Question: Who sketched someone? Answer: The,,Question: Which professions are mentioned? Answer: The
cleft,teacher->student,teacher,student,driver,treated,It was the teacher who treated the driver.,It was the driver whom the teacher treated.,It was the teacher whom the driver treated.,It was the driver who treated the teacher.,Question: Who treated someone? Answer: The,,Question: Which professions are mentioned? Answer: The
cleft,teacher->student,teacher,student,driver,examined,It was the teacher who examined the driver.,It was the driver whom the teacher examined.,It was the teacher whom the driver examined.,It was the driver who examined the teacher.,Question: Who examined someone? Answer: The,,Question: Which professions are mentioned? Answer: The
cleft,teacher->student,teacher,student,driver,interviewed,It was the teacher who interviewed the driver.,It was the driver whom the teacher interviewed.,It was the teacher whom the driver interviewed.,It was the driver who interviewed the teacher.,Question: Who interviewed someone? Answer: The,,Question: Which professions are mentioned? Answer: The
cleft,teacher->student,teacher,student,driver,photographed,It was the teacher who photographed the driver.,It was the driver whom the teacher photographed.,It was the teacher whom the driver photographed.,It was the driver who photographed the teacher.,Question: Who photographed someone? Answer: The,,Question: Which professions are mentioned? Answer: The
cleft,teacher->student,teacher,student,driver,praised,It was the teacher who praised the driver.,It was the driver whom the teacher praised.,It was the teacher whom the driver praised.,It was the driver who praised the teacher.,Question: Who praised someone? Answer: The,,Question: Which professions are mentioned? Answer: The
cleft,teacher->student,teacher,student,driver,criticized,It was the teacher who criticized the driver.,It was the driver whom the teacher criticized.,It was the teacher whom the driver criticized.,It was the driver who criticized the teacher.,Question: Who criticized someone? Answer: The,,Question: Which professions are mentioned? Answer: The
cleft,teacher->student,teacher,student,driver,hired,It was the teacher who hired the driver.,It was the driver whom the teacher hired.,It was the teacher whom the driver hired.,It was the driver who hired the teacher.,Question: Who hired someone? Answer: The,,Question: Which professions are mentioned? Answer: The
cleft,teacher->student,teacher,student,driver,fired,It was the teacher who fired the driver.,It was the driver whom the teacher fired.,It was the teacher whom the driver fired.,It was the driver who fired the teacher.,Question: Who fired someone? Answer: The,,Question: Which professions are mentioned? Answer: The
cleft,teacher->student,teacher,student,driver,tutored,It was the teacher who tutored the driver.,It was the driver whom the teacher tutored.,It was the teacher whom the driver tutored.,It was the driver who tutored the teacher.,Question: Who tutored someone? Answer: The,,Question: Which professions are mentioned? Answer: The
cleft,teacher->student,teacher,student,driver,sketched,It was the teacher who sketched the driver.,It was the driver whom the teacher sketched.,It was the teacher whom the driver sketched.,It was the driver who sketched the teacher.,Question: Who sketched someone? Answer: The,,Question: Which professions are mentioned? Answer: The
cleft,teacher->student,teacher,student,passenger,treated,It was the teacher who treated the passenger.,It was the passenger whom the teacher treated.,It was the teacher whom the passenger treated.,It was the passenger who treated the teacher.,Question: Who treated someone? Answer: The,,Question: Which professions are mentioned? Answer: The
cleft,teacher->student,teacher,student,passenger,examined,It was the teacher who examined the passenger.,It was the passenger whom the teacher examined.,It was the teacher whom the passenger examined.,It was the passenger who examined the teacher.,Question: Who examined someone? Answer: The,,Question: Which professions are mentioned? Answer: The
cleft,teacher->student,teacher,student,passenger,interviewed,It was the teacher who interviewed the passenger.,It was the passenger whom the teacher interviewed.,It was the teacher whom the passenger interviewed.,It was the passenger who interviewed the teacher.,Question: Who interviewed someone? Answer: The,,Question: Which professions are mentioned? Answer: The
cleft,teacher->student,teacher,student,passenger,photographed,It was the teacher who photographed the passenger.,It was the passenger whom the teacher photographed.,It was the teacher whom the passenger photographed.,It was the passenger who photographed the teacher.,Question: Who photographed someone? Answer: The,,Question: Which professions are mentioned? Answer: The
cleft,teacher->student,teacher,student,passenger,praised,It was the teacher who praised the passenger.,It was the passenger whom the teacher praised.,It was the teacher whom the passenger praised.,It was the passenger who praised the teacher.,Question: Who praised someone? Answer: The,,Question: Which professions are mentioned? Answer: The
cleft,teacher->student,teacher,student,passenger,criticized,It was the teacher who criticized the passenger.,It was the passenger whom the teacher criticized.,It was the teacher whom the passenger criticized.,It was the passenger who criticized the teacher.,Question: Who criticized someone? Answer: The,,Question: Which professions are mentioned? Answer: The
cleft,teacher->student,teacher,student,passenger,hired,It was the teacher who hired the passenger.,It was the passenger whom the teacher hired.,It was the teacher whom the passenger hired.,It was the passenger who hired the teacher.,Question: Who hired someone? Answer: The,,Question: Which professions are mentioned? Answer: The
cleft,teacher->student,teacher,student,passenger,fired,It was the teacher who fired the passenger.,It was the passenger whom the teacher fired.,It was the teacher whom the passenger fired.,It was the passenger who fired the teacher.,Question: Who fired someone? Answer: The,,Question: Which professions are mentioned? Answer: The
cleft,teacher->student,teacher,student,passenger,tutored,It was the teacher who tutored the passenger.,It was the passenger whom the teacher tutored.,It was the teacher whom the passenger tutored.,It was the passenger who tutored the teacher.,Question: Who tutored someone? Answer: The,,Question: Which professions are mentioned? Answer: The
cleft,teacher->student,teacher,student,passenger,sketched,It was the teacher who sketched the passenger.,It was the passenger whom the teacher sketched.,It was the teacher whom the passenger sketched.,It was the passenger who sketched the teacher.,Question: Who sketched someone? Answer: The,,Question: Which professions are mentioned? Answer: The
relative_clause,teacher->student,teacher,student,judge,treated,The teacher who treated the judge smiled.,The judge whom the teacher treated smiled.,The teacher whom the judge treated smiled.,The judge who treated the teacher smiled.,Question: Who treated someone? Answer: The,,Question: Which professions are mentioned? Answer: The
relative_clause,teacher->student,teacher,student,judge,examined,The teacher who examined the judge smiled.,The judge whom the teacher examined smiled.,The teacher whom the judge examined smiled.,The judge who examined the teacher smiled.,Question: Who examined someone? Answer: The,,Question: Which professions are mentioned? Answer: The
relative_clause,teacher->student,teacher,student,judge,interviewed,The teacher who interviewed the judge smiled.,The judge whom the teacher interviewed smiled.,The teacher whom the judge interviewed smiled.,The judge who interviewed the teacher smiled.,Question: Who interviewed someone? Answer: The,,Question: Which professions are mentioned? Answer: The
relative_clause,teacher->student,teacher,student,judge,photographed,The teacher who photographed the judge smiled.,The judge whom the teacher photographed smiled.,The teacher whom the judge photographed smiled.,The judge who photographed the teacher smiled.,Question: Who photographed someone? Answer: The,,Question: Which professions are mentioned? Answer: The
relative_clause,teacher->student,teacher,student,judge,praised,The teacher who praised the judge smiled.,The judge whom the teacher praised smiled.,The teacher whom the judge praised smiled.,The judge who praised the teacher smiled.,Question: Who praised someone? Answer: The,,Question: Which professions are mentioned? Answer: The
relative_clause,teacher->student,teacher,student,judge,criticized,The teacher who criticized the judge smiled.,The judge whom the teacher criticized smiled.,The teacher whom the judge criticized smiled.,The judge who criticized the teacher smiled.,Question: Who criticized someone? Answer: The,,Question: Which professions are mentioned? Answer: The
relative_clause,teacher->student,teacher,student,judge,hired,The teacher who hired the judge smiled.,The judge whom the teacher hired smiled.,The teacher whom the judge hired smiled.,The judge who hired the teacher smiled.,Question: Who hired someone? Answer: The,,Question: Which professions are mentioned? Answer: The
relative_clause,teacher->student,teacher,student,judge,fired,The teacher who fired the judge smiled.,The judge whom the teacher fired smiled.,The teacher whom the judge fired smiled.,The judge who fired the teacher smiled.,Question: Who fired someone? Answer: The,,Question: Which professions are mentioned? Answer: The
relative_clause,teacher->student,teacher,student,judge,tutored,The teacher who tutored the judge smiled.,The judge whom the teacher tutored smiled.,The teacher whom the judge tutored smiled.,The judge who tutored the teacher smiled.,Question: Who tutored someone? Answer: The,,Question: Which professions are mentioned? Answer: The
relative_clause,teacher->student,teacher,student,judge,sketched,The teacher who sketched the judge smiled.,The judge whom the teacher sketched smiled.,The teacher whom the judge sketched smiled.,The judge who sketched the teacher smiled.,Question: Who sketched someone? Answer: The,,Question: Which professions are mentioned? Answer: The
relative_clause,teacher->student,teacher,student,doctor,treated,The teacher who treated the doctor smiled.,The doctor whom the teacher treated smiled.,The teacher whom the doctor treated smiled.,The doctor who treated the teacher smiled.,Question: Who treated someone? Answer: The,,Question: Which professions are mentioned? Answer: The
relative_clause,teacher->student,teacher,student,doctor,examined,The teacher who examined the doctor smiled.,The doctor whom the teacher examined smiled.,The teacher whom the doctor examined smiled.,The doctor who examined the teacher smiled.,Question: Who examined someone? Answer: The,,Question: Which professions are mentioned? Answer: The
relative_clause,teacher->student,teacher,student,doctor,interviewed,The teacher who interviewed the doctor smiled.,The doctor whom the teacher interviewed smiled.,The teacher whom the doctor interviewed smiled.,The doctor who interviewed the teacher smiled.,Question: Who interviewed someone? Answer: The,,Question: Which professions are mentioned? Answer: The
relative_clause,teacher->student,teacher,student,doctor,photographed,The teacher who photographed the doctor smiled.,The doctor whom the teacher photographed smiled.,The teacher whom the doctor photographed smiled.,The doctor who photographed the teacher smiled.,Question: Who photographed someone? Answer: The,,Question: Which professions are mentioned? Answer: The
relative_clause,teacher->student,teacher,student,doctor,praised,The teacher who praised the doctor smiled.,The doctor whom the teacher praised smiled.,The teacher whom the doctor praised smiled.,The doctor who praised the teacher smiled.,Question: Who praised someone? Answer: The,,Question: Which professions are mentioned? Answer: The
relative_clause,teacher->student,teacher,student,doctor,criticized,The teacher who criticized the doctor smiled.,The doctor whom the teacher criticized smiled.,The teacher whom the doctor criticized smiled.,The doctor who criticized the teacher smiled.,Question: Who criticized someone? Answer: The,,Question: Which professions are mentioned? Answer: The
relative_clause,teacher->student,teacher,student,doctor,hired,The teacher who hired the doctor smiled.,The doctor whom the teacher hired smiled.,The teacher whom the doctor hired smiled.,The doctor who hired the teacher smiled.,Question: Who hired someone? Answer: The,,Question: Which professions are mentioned? Answer: The
relative_clause,teacher->student,teacher,student,doctor,fired,The teacher who fired the doctor smiled.,The doctor whom the teacher fired smiled.,The teacher whom the doctor fired smiled.,The doctor who fired the teacher smiled.,Question: Who fired someone? Answer: The,,Question: Which professions are mentioned? Answer: The
relative_clause,teacher->student,teacher,student,doctor,tutored,The teacher who tutored the doctor smiled.,The doctor whom the teacher tutored smiled.,The teacher whom the doctor tutored smiled.,The doctor who tutored the teacher smiled.,Question: Who tutored someone? Answer: The,,Question: Which professions are mentioned? Answer: The
relative_clause,teacher->student,teacher,student,doctor,sketched,The teacher who sketched the doctor smiled.,The doctor whom the teacher sketched smiled.,The teacher whom the doctor sketched smiled.,The doctor who sketched the teacher smiled.,Question: Who sketched someone? Answer: The,,Question: Which professions are mentioned? Answer: The
relative_clause,teacher->student,teacher,student,nurse,treated,The teacher who treated the nurse smiled.,The nurse whom the teacher treated smiled.,The teacher whom the nurse treated smiled.,The nurse who treated the teacher smiled.,Question: Who treated someone? Answer: The,,Question: Which professions are mentioned? Answer: The
relative_clause,teacher->student,teacher,student,nurse,examined,The teacher who examined the nurse smiled.,The nurse whom the teacher examined smiled.,The teacher whom the nurse examined smiled.,The nurse who examined the teacher smiled.,Question: Who examined someone? Answer: The,,Question: Which professions are mentioned? Answer: The
relative_clause,teacher->student,teacher,student,nurse,interviewed,The teacher who interviewed the nurse smiled.,The nurse whom the teacher interviewed smiled.,The teacher whom the nurse interviewed smiled.,The nurse who interviewed the teacher smiled.,Question: Who interviewed someone? Answer: The,,Question: Which professions are mentioned? Answer: The
relative_clause,teacher->student,teacher,student,nurse,photographed,The teacher who photographed the nurse smiled.,The nurse whom the teacher photographed smiled.,The teacher whom the nurse photographed smiled.,The nurse who photographed the teacher smiled.,Question: Who photographed someone? Answer: The,,Question: Which professions are mentioned? Answer: The
relative_clause,teacher->student,teacher,student,nurse,praised,The teacher who praised the nurse smiled.,The nurse whom the teacher praised smiled.,The teacher whom the nurse praised smiled.,The nurse who praised the teacher smiled.,Question: Who praised someone? Answer: The,,Question: Which professions are mentioned? Answer: The
relative_clause,teacher->student,teacher,student,nurse,criticized,The teacher who criticized the nurse smiled.,The nurse whom the teacher criticized smiled.,The teacher whom the nurse criticized smiled.,The nurse who criticized the teacher smiled.,Question: Who criticized someone? Answer: The,,Question: Which professions are mentioned? Answer: The
relative_clause,teacher->student,teacher,student,nurse,hired,The teacher who hired the nurse smiled.,The nurse whom the teacher hired smiled.,The teacher whom the nurse hired smiled.,The nurse who hired the teacher smiled.,Question: Who hired someone? Answer: The,,Question: Which professions are mentioned? Answer: The
relative_clause,teacher->student,teacher,student,nurse,fired,The teacher who fired the nurse smiled.,The nurse whom the teacher fired smiled.,The teacher whom the nurse fired smiled.,The nurse who fired the teacher smiled.,Question: Who fired someone? Answer: The,,Question: Which professions are mentioned? Answer: The
relative_clause,teacher->student,teacher,student,nurse,tutored,The teacher who tutored the nurse smiled.,The nurse whom the teacher tutored smiled.,The teacher whom the nurse tutored smiled.,The nurse who tutored the teacher smiled.,Question: Who tutored someone? Answer: The,,Question: Which professions are mentioned? Answer: The
relative_clause,teacher->student,teacher,student,nurse,sketched,The teacher who sketched the nurse smiled.,The nurse whom the teacher sketched smiled.,The teacher whom the nurse sketched smiled.,The nurse who sketched the teacher smiled.,Question: Who sketched someone? Answer: The,,Question: Which professions are mentioned? Answer: The
relative_clause,teacher->student,teacher,student,driver,treated,The teacher who treated the driver smiled.,The driver whom the teacher treated smiled.,The teacher whom the driver treated smiled.,The driver who treated the teacher smiled.,Question: Who treated someone? Answer: The,,Question: Which professions are mentioned? Answer: The
relative_clause,teacher->student,teacher,student,driver,examined,The teacher who examined the driver smiled.,The driver whom the teacher examined smiled.,The teacher whom the driver examined smiled.,The driver who examined the teacher smiled.,Question: Who examined someone? Answer: The,,Question: Which professions are mentioned? Answer: The
relative_clause,teacher->student,teacher,student,driver,interviewed,The teacher who interviewed the driver smiled.,The driver whom the teacher interviewed smiled.,The teacher whom the driver interviewed smiled.,The driver who interviewed the teacher smiled.,Question: Who interviewed someone? Answer: The,,Question: Which professions are mentioned? Answer: The
relative_clause,teacher->student,teacher,student,driver,photographed,The teacher who photographed the driver smiled.,The driver whom the teacher photographed smiled.,The teacher whom the driver photographed smiled.,The driver who photographed the teacher smiled.,Question: Who photographed someone? Answer: The,,Question: Which professions are mentioned? Answer: The
relative_clause,teacher->student,teacher,student,driver,praised,The teacher who praised the driver smiled.,The driver whom the teacher praised smiled.,The teacher whom the driver praised smiled.,The driver who praised the teacher smiled.,Question: Who praised someone? Answer: The,,Question: Which professions are mentioned? Answer: The
relative_clause,teacher->student,teacher,student,driver,criticized,The teacher who criticized the driver smiled.,The driver whom the teacher criticized smiled.,The teacher whom the driver criticized smiled.,The driver who criticized the teacher smiled.,Question: Who criticized someone? Answer: The,,Question: Which professions are mentioned? Answer: The
relative_clause,teacher->student,teacher,student,driver,hired,The teacher who hired the driver smiled.,The driver whom the teacher hired smiled.,The teacher whom the driver hired smiled.,The driver who hired the teacher smiled.,Question: Who hired someone? Answer: The,,Question: Which professions are mentioned? Answer: The
relative_clause,teacher->student,teacher,student,driver,fired,The teacher who fired the driver smiled.,The driver whom the teacher fired smiled.,The teacher whom the driver fired smiled.,The driver who fired the teacher smiled.,Question: Who fired someone? Answer: The,,Question: Which professions are mentioned? Answer: The
relative_clause,teacher->student,teacher,student,driver,tutored,The teacher who tutored the driver smiled.,The driver whom the teacher tutored smiled.,The teacher whom the driver tutored smiled.,The driver who tutored the teacher smiled.,Question: Who tutored someone? Answer: The,,Question: Which professions are mentioned? Answer: The
relative_clause,teacher->student,teacher,student,driver,sketched,The teacher who sketched the driver smiled.,The driver whom the teacher sketched smiled.,The teacher whom the driver sketched smiled.,The driver who sketched the teacher smiled.,Question: Who sketched someone? Answer: The,,Question: Which professions are mentioned? Answer: The
relative_clause,teacher->student,teacher,student,passenger,treated,The teacher who treated the passenger smiled.,The passenger whom the teacher treated smiled.,The teacher whom the passenger treated smiled.,The passenger who treated the teacher smiled.,Question: Who treated someone? Answer: The,,Question: Which professions are mentioned? Answer: The
relative_clause,teacher->student,teacher,student,passenger,examined,The teacher who examined the passenger smiled.,The passenger whom the teacher examined smiled.,The teacher whom the passenger examined smiled.,The passenger who examined the teacher smiled.,Question: Who examined someone? Answer: The,,Question: Which professions are mentioned? Answer: The
relative_clause,teacher->student,teacher,student,passenger,interviewed,The teacher who interviewed the passenger smiled.,The passenger whom the teacher interviewed smiled.,The teacher whom the passenger interviewed smiled.,The passenger who interviewed the teacher smiled.,Question: Who interviewed someone? Answer: The,,Question: Which professions are mentioned? Answer: The
relative_clause,teacher->student,teacher,student,passenger,photographed,The teacher who photographed the passenger smiled.,The passenger whom the teacher photographed smiled.,The teacher whom the passenger photographed smiled.,The passenger who photographed the teacher smiled.,Question: Who photographed someone? Answer: The,,Question: Which professions are mentioned? Answer: The
relative_clause,teacher->student,teacher,student,passenger,praised,The teacher who praised the passenger smiled.,The passenger whom the teacher praised smiled.,The teacher whom the passenger praised smiled.,The passenger who praised the teacher smiled.,Question: Who praised someone? Answer: The,,Question: Which professions are mentioned? Answer: The
relative_clause,teacher->student,teacher,student,passenger,criticized,The teacher who criticized the passenger smiled.,The passenger whom the teacher criticized smiled.,The teacher whom the passenger criticized smiled.,The passenger who criticized the teacher smiled.,Question: Who criticized someone? Answer: The,,Question: Which professions are mentioned? Answer: The
relative_clause,teacher->student,teacher,student,passenger,hired,The teacher who hired the passenger smiled.,The passenger whom the teacher hired smiled.,The teacher whom the passenger hired smiled.,The passenger who hired the teacher smiled.,Question: Who hired someone? Answer: The,,Question: Which professions are mentioned? Answer: The
relative_clause,teacher->student,teacher,student,passenger,fired,The teacher who fired the passenger smiled.,The passenger whom the teacher fired smiled.,The teacher whom the passenger fired smiled.,The passenger who fired the teacher smiled.,Question: Who fired someone? Answer: The,,Question: Which professions are mentioned? Answer: The
relative_clause,teacher->student,teacher,student,passenger,tutored,The teacher who tutored the passenger smiled.,The passenger whom the teacher tutored smiled.,The teacher whom the passenger tutored smiled.,The passenger who tutored the teacher smiled.,Question: Who tutored someone? Answer: The,,Question: Which professions are mentioned? Answer: The
relative_clause,teacher->student,teacher,student,passenger,sketched,The teacher who sketched the passenger smiled.,The passenger whom the teacher sketched smiled.,The teacher whom the passenger sketched smiled.,The passenger who sketched the teacher smiled.,Question: Who sketched someone? Answer: The,,Question: Which professions are mentioned? Answer: The
active_passive,driver->passenger,driver,passenger,pilot,treated,The driver treated the pilot.,The pilot was treated by the driver.,The driver was treated by the pilot.,The pilot treated the driver.,Question: Who treated someone? Answer: The,,Question: Which professions are mentioned? Answer: The
active_passive,driver->passenger,driver,passenger,pilot,examined,The driver examined the pilot.,The pilot was examined by the driver.,The driver was examined by the pilot.,The pilot examined the driver.,Question: Who examined someone? Answer: The,,Question: Which professions are mentioned? Answer: The
active_passive,driver->passenger,driver,passenger,pilot,interviewed,The driver interviewed the pilot.,The pilot was interviewed by the driver.,The driver was interviewed by the pilot.,The pilot interviewed the driver.,Question: Who interviewed someone? Answer: The,,Question: Which professions are mentioned? Answer: The
active_passive,driver->passenger,driver,passenger,pilot,photographed,The driver photographed the pilot.,The pilot was photographed by the driver.,The driver was photographed by the pilot.,The pilot photographed the driver.,Question: Who photographed someone? Answer: The,,Question: Which professions are mentioned? Answer: The
active_passive,driver->passenger,driver,passenger,pilot,praised,The driver praised the pilot.,The pilot was praised by the driver.,The driver was praised by the pilot.,The pilot praised the driver.,Question: Who praised someone? Answer: The,,Question: Which professions are mentioned? Answer: The
active_passive,driver->passenger,driver,passenger,pilot,criticized,The driver criticized the pilot.,The pilot was criticized by the driver.,The driver was criticized by the pilot.,The pilot criticized the driver.,Question: Who criticized someone? Answer: The,,Question: Which professions are mentioned? Answer: The
active_passive,driver->passenger,driver,passenger,pilot,hired,The driver hired the pilot.,The pilot was hired by the driver.,The driver was hired by the pilot.,The pilot hired the driver.,Question: Who hired someone? Answer: The,,Question: Which professions are mentioned? Answer: The
active_passive,driver->passenger,driver,passenger,pilot,fired,The driver fired the pilot.,The pilot was fired by the driver.,The driver was fired by the pilot.,The pilot fired the driver.,Question: Who fired someone? Answer: The,,Question: Which professions are mentioned? Answer: The
active_passive,driver->passenger,driver,passenger,pilot,tutored,The driver tutored the pilot.,The pilot was tutored by the driver.,The driver was tutored by the pilot.,The pilot tutored the driver.,Question: Who tutored someone? Answer: The,,Question: Which professions are mentioned? Answer: The
active_passive,driver->passenger,driver,passenger,pilot,sketched,The driver sketched the pilot.,The pilot was sketched by the driver.,The driver was sketched by the pilot.,The pilot sketched the driver.,Question: Who sketched someone? Answer: The,,Question: Which professions are mentioned? Answer: The
active_passive,driver->passenger,driver,passenger,doctor,treated,The driver treated the doctor.,The doctor was treated by the driver.,The driver was treated by the doctor.,The doctor treated the driver.,Question: Who treated someone? Answer: The,,Question: Which professions are mentioned? Answer: The
active_passive,driver->passenger,driver,passenger,doctor,examined,The driver examined the doctor.,The doctor was examined by the driver.,The driver was examined by the doctor.,The doctor examined the driver.,Question: Who examined someone? Answer: The,,Question: Which professions are mentioned? Answer: The
active_passive,driver->passenger,driver,passenger,doctor,interviewed,The driver interviewed the doctor.,The doctor was interviewed by the driver.,The driver was interviewed by the doctor.,The doctor interviewed the driver.,Question: Who interviewed someone? Answer: The,,Question: Which professions are mentioned? Answer: The
active_passive,driver->passenger,driver,passenger,doctor,photographed,The driver photographed the doctor.,The doctor was photographed by the driver.,The driver was photographed by the doctor.,The doctor photographed the driver.,Question: Who photographed someone? Answer: The,,Question: Which professions are mentioned? Answer: The
active_passive,driver->passenger,driver,passenger,doctor,praised,The driver praised the doctor.,The doctor was praised by the driver.,The driver was praised by the doctor.,The doctor praised the driver.,Question: Who praised someone? Answer: The,,Question: Which professions are mentioned? Answer: The
active_passive,driver->passenger,driver,passenger,doctor,criticized,The driver criticized the doctor.,The doctor was criticized by the driver.,The driver was criticized by the doctor.,The doctor criticized the driver.,Question: Who criticized someone? Answer: The,,Question: Which professions are mentioned? Answer: The
active_passive,driver->passenger,driver,passenger,doctor,hired,The driver hired the doctor.,The doctor was hired by the driver.,The driver was hired by the doctor.,The doctor hired the driver.,Question: Who hired someone? Answer: The,,Question: Which professions are mentioned? Answer: The
active_passive,driver->passenger,driver,passenger,doctor,fired,The driver fired the doctor.,The doctor was fired by the driver.,The driver was fired by the doctor.,The doctor fired the driver.,Question: Who fired someone? Answer: The,,Question: Which professions are mentioned? Answer: The
active_passive,driver->passenger,driver,passenger,doctor,tutored,The driver tutored the doctor.,The doctor was tutored by the driver.,The driver was tutored by the doctor.,The doctor tutored the driver.,Question: Who tutored someone? Answer: The,,Question: Which professions are mentioned? Answer: The
active_passive,driver->passenger,driver,passenger,doctor,sketched,The driver sketched the doctor.,The doctor was sketched by the driver.,The driver was sketched by the doctor.,The doctor sketched the driver.,Question: Who sketched someone? Answer: The,,Question: Which professions are mentioned? Answer: The
active_passive,driver->passenger,driver,passenger,nurse,treated,The driver treated the nurse.,The nurse was treated by the driver.,The driver was treated by the nurse.,The nurse treated the driver.,Question: Who treated someone? Answer: The,,Question: Which professions are mentioned? Answer: The
active_passive,driver->passenger,driver,passenger,nurse,examined,The driver examined the nurse.,The nurse was examined by the driver.,The driver was examined by the nurse.,The nurse examined the driver.,Question: Who examined someone? Answer: The,,Question: Which professions are mentioned? Answer: The
active_passive,driver->passenger,driver,passenger,nurse,interviewed,The driver interviewed the nurse.,The nurse was interviewed by the driver.,The driver was interviewed by the nurse.,The nurse interviewed the driver.,Question: Who interviewed someone? Answer: The,,Question: Which professions are mentioned? Answer: The
active_passive,driver->passenger,driver,passenger,nurse,photographed,The driver photographed the nurse.,The nurse was photographed by the driver.,The driver was photographed by the nurse.,The nurse photographed the driver.,Question: Who photographed someone? Answer: The,,Question: Which professions are mentioned? Answer: The
active_passive,driver->passenger,driver,passenger,nurse,praised,The driver praised the nurse.,The nurse was praised by the driver.,The driver was praised by the nurse.,The nurse praised the driver.,Question: Who praised someone? Answer: The,,Question: Which professions are mentioned? Answer: The
active_passive,driver->passenger,driver,passenger,nurse,criticized,The driver criticized the nurse.,The nurse was criticized by the driver.,The driver was criticized by the nurse.,The nurse criticized the driver.,Question: Who criticized someone? Answer: The,,Question: Which professions are mentioned? Answer: The
active_passive,driver->passenger,driver,passenger,nurse,hired,The driver hired the nurse.,The nurse was hired by the driver.,The driver was hired by the nurse.,The nurse hired the driver.,Question: Who hired someone? Answer: The,,Question: Which professions are mentioned? Answer: The
active_passive,driver->passenger,driver,passenger,nurse,fired,The driver fired the nurse.,The nurse was fired by the driver.,The driver was fired by the nurse.,The nurse fired the driver.,Question: Who fired someone? Answer: The,,Question: Which professions are mentioned? Answer: The
active_passive,driver->passenger,driver,passenger,nurse,tutored,The driver tutored the nurse.,The nurse was tutored by the driver.,The driver was tutored by the nurse.,The nurse tutored the driver.,Question: Who tutored someone? Answer: The,,Question: Which professions are mentioned? Answer: The
active_passive,driver->passenger,driver,passenger,nurse,sketched,The driver sketched the nurse.,The nurse was sketched by the driver.,The driver was sketched by the nurse.,The nurse sketched the driver.,Question: Who sketched someone? Answer: The,,Question: Which professions are mentioned? Answer: The
active_passive,driver->passenger,driver,passenger,teacher,treated,The driver treated the teacher.,The teacher was treated by the driver.,The driver was treated by the teacher.,The teacher treated the driver.,Question: Who treated someone? Answer: The,,Question: Which professions are mentioned? Answer: The
active_passive,driver->passenger,driver,passenger,teacher,examined,The driver examined the teacher.,The teacher was examined by the driver.,The driver was examined by the teacher.,The teacher examined the driver.,Question: Who examined someone? Answer: The,,Question: Which professions are mentioned? Answer: The
active_passive,driver->passenger,driver,passenger,teacher,interviewed,The driver interviewed the teacher.,The teacher was interviewed by the driver.,The driver was interviewed by the teacher.,The teacher interviewed the driver.,Question: Who interviewed someone? Answer: The,,Question: Which professions are mentioned? Answer: The
active_passive,driver->passenger,driver,passenger,teacher,photographed,The driver photographed the teacher.,The teacher was photographed by the driver.,The driver was photographed by the teacher.,The teacher photographed the driver.,Question: Who photographed someone? Answer: The,,Question: Which professions are mentioned? Answer: The
active_passive,driver->passenger,driver,passenger,teacher,praised,The driver praised the teacher.,The teacher was praised by the driver.,The driver was praised by the teacher.,The teacher praised the driver.,Question: Who praised someone? Answer: The,,Question: Which professions are mentioned? Answer: The
active_passive,driver->passenger,driver,passenger,teacher,criticized,The driver criticized the teacher.,The teacher was criticized by the driver.,The driver was criticized by the teacher.,The teacher criticized the driver.,Question: Who criticized someone? Answer: The,,Question: Which professions are mentioned? Answer: The
active_passive,driver->passenger,driver,passenger,teacher,hired,The driver hired the teacher.,The teacher was hired by the driver.,The driver was hired by the teacher.,The teacher hired the driver.,Question: Who hired someone? Answer: The,,Question: Which professions are mentioned? Answer: The
active_passive,driver->passenger,driver,passenger,teacher,fired,The driver fired the teacher.,The teacher was fired by the driver.,The driver was fired by the teacher.,The teacher fired the driver.,Question: Who fired someone? Answer: The,,Question: Which professions are mentioned? Answer: The
active_passive,driver->passenger,driver,passenger,teacher,tutored,The driver tutored the teacher.,The teacher was tutored by the driver.,The driver was tutored by the teacher.,The teacher tutored the driver.,Question: Who tutored someone? Answer: The,,Question: Which professions are mentioned? Answer: The
active_passive,driver->passenger,driver,passenger,teacher,sketched,The driver sketched the teacher.,The teacher was sketched by the driver.,The driver was sketched by the teacher.,The teacher sketched the driver.,Question: Who sketched someone? Answer: The,,Question: Which professions are mentioned? Answer: The
active_passive,driver->passenger,driver,passenger,student,treated,The driver treated the student.,The student was treated by the driver.,The driver was treated by the student.,The student treated the driver.,Question: Who treated someone? Answer: The,,Question: Which professions are mentioned? Answer: The
active_passive,driver->passenger,driver,passenger,student,examined,The driver examined the student.,The student was examined by the driver.,The driver was examined by the student.,The student examined the driver.,Question: Who examined someone? Answer: The,,Question: Which professions are mentioned? Answer: The
active_passive,driver->passenger,driver,passenger,student,interviewed,The driver interviewed the student.,The student was interviewed by the driver.,The driver was interviewed by the student.,The student interviewed the driver.,Question: Who interviewed someone? Answer: The,,Question: Which professions are mentioned? Answer: The
active_passive,driver->passenger,driver,passenger,student,photographed,The driver photographed the student.,The student was photographed by the driver.,The driver was photographed by the student.,The student photographed the driver.,Question: Who photographed someone? Answer: The,,Question: Which professions are mentioned? Answer: The
active_passive,driver->passenger,driver,passenger,student,praised,The driver praised the student.,The student was praised by the driver.,The driver was praised by the student.,The student praised the driver.,Question: Who praised someone? Answer: The,,Question: Which professions are mentioned? Answer: The
active_passive,driver->passenger,driver,passenger,student,criticized,The driver criticized the student.,The student was criticized by the driver.,The driver was criticized by the student.,The student criticized the driver.,Question: Who criticized someone? Answer: The,,Question: Which professions are mentioned? Answer: The
active_passive,driver->passenger,driver,passenger,student,hired,The driver hired the student.,The student was hired by the driver.,The driver was hired by the student.,The student hired the driver.,Question: Who hired someone? Answer: The,,Question: Which professions are mentioned? Answer: The
active_passive,driver->passenger,driver,passenger,student,fired,The driver fired the student.,The student was fired by the driver.,The driver was fired by the student.,The student fired the driver.,Question: Who fired someone? Answer: The,,Question: Which professions are mentioned? Answer: The
active_passive,driver->passenger,driver,passenger,student,tutored,The driver tutored the student.,The student was tutored by the driver.,The driver was tutored by the student.,The student tutored the driver.,Question: Who tutored someone? Answer: The,,Question: Which professions are mentioned? Answer: The
active_passive,driver->passenger,driver,passenger,student,sketched,The driver sketched the student.,The student was sketched by the driver.,The driver was sketched by the student.,The student sketched the driver.,Question: Who sketched someone? Answer: The,,Question: Which professions are mentioned? Answer: The
dative,driver->passenger,driver,passenger,pilot,handed,The driver handed a letter to the pilot.,The pilot was handed a letter by the driver.,The driver was handed a letter by the pilot.,The pilot handed a letter to the driver.,Question: Who handed a letter to someone? Answer: The,Question: Who was handed the letter by someone? Answer: The,Question: Which professions are mentioned? Answer: The
dative,driver->passenger,driver,passenger,pilot,sent,The driver sent a letter to the pilot.,The pilot was sent a letter by the driver.,The driver was sent a letter by the pilot.,The pilot sent a letter to the driver.,Question: Who sent a letter to someone? Answer: The,Question: Who was sent the letter by someone? Answer: The,Question: Which professions are mentioned? Answer: The
dative,driver->passenger,driver,passenger,pilot,mailed,The driver mailed a letter to the pilot.,The pilot was mailed a letter by the driver.,The driver was mailed a letter by the pilot.,The pilot mailed a letter to the driver.,Question: Who mailed a letter to someone? Answer: The,Question: Who was mailed the letter by someone? Answer: The,Question: Which professions are mentioned? Answer: The
dative,driver->passenger,driver,passenger,pilot,offered,The driver offered a letter to the pilot.,The pilot was offered a letter by the driver.,The driver was offered a letter by the pilot.,The pilot offered a letter to the driver.,Question: Who offered a letter to someone? Answer: The,Question: Who was offered the letter by someone? Answer: The,Question: Which professions are mentioned? Answer: The
dative,driver->passenger,driver,passenger,pilot,promised,The driver promised a letter to the pilot.,The pilot was promised a letter by the driver.,The driver was promised a letter by the pilot.,The pilot promised a letter to the driver.,Question: Who promised a letter to someone? Answer: The,Question: Who was promised the letter by someone? Answer: The,Question: Which professions are mentioned? Answer: The
dative,driver->passenger,driver,passenger,doctor,handed,The driver handed a letter to the doctor.,The doctor was handed a letter by the driver.,The driver was handed a letter by the doctor.,The doctor handed a letter to the driver.,Question: Who handed a letter to someone? Answer: The,Question: Who was handed the letter by someone? Answer: The,Question: Which professions are mentioned? Answer: The
dative,driver->passenger,driver,passenger,doctor,sent,The driver sent a letter to the doctor.,The doctor was sent a letter by the driver.,The driver was sent a letter by the doctor.,The doctor sent a letter to the driver.,Question: Who sent a letter to someone? Answer: The,Question: Who was sent the letter by someone? Answer: The,Question: Which professions are mentioned? Answer: The
dative,driver->passenger,driver,passenger,doctor,mailed,The driver mailed a letter to the doctor.,The doctor was mailed a letter by the driver.,The driver was mailed a letter by the doctor.,The doctor mailed a letter to the driver.,Question: Who mailed a letter to someone? Answer: The,Question: Who was mailed the letter by someone? Answer: The,Question: Which professions are mentioned? Answer: The
dative,driver->passenger,driver,passenger,doctor,offered,The driver offered a letter to the doctor.,The doctor was offered a letter by the driver.,The driver was offered a letter by the doctor.,The doctor offered a letter to the driver.,Question: Who offered a letter to someone? Answer: The,Question: Who was offered the letter by someone? Answer: The,Question: Which professions are mentioned? Answer: The
dative,driver->passenger,driver,passenger,doctor,promised,The driver promised a letter to the doctor.,The doctor was promised a letter by the driver.,The driver was promised a letter by the doctor.,The doctor promised a letter to the driver.,Question: Who promised a letter to someone? Answer: The,Question: Who was promised the letter by someone? Answer: The,Question: Which professions are mentioned? Answer: The
dative,driver->passenger,driver,passenger,nurse,handed,The driver handed a letter to the nurse.,The nurse was handed a letter by the driver.,The driver was handed a letter by the nurse.,The nurse handed a letter to the driver.,Question: Who handed a letter to someone? Answer: The,Question: Who was handed the letter by someone? Answer: The,Question: Which professions are mentioned? Answer: The
dative,driver->passenger,driver,passenger,nurse,sent,The driver sent a letter to the nurse.,The nurse was sent a letter by the driver.,The driver was sent a letter by the nurse.,The nurse sent a letter to the driver.,Question: Who sent a letter to someone? Answer: The,Question: Who was sent the letter by someone? Answer: The,Question: Which professions are mentioned? Answer: The
dative,driver->passenger,driver,passenger,nurse,mailed,The driver mailed a letter to the nurse.,The nurse was mailed a letter by the driver.,The driver was mailed a letter by the nurse.,The nurse mailed a letter to the driver.,Question: Who mailed a letter to someone? Answer: The,Question: Who was mailed the letter by someone? Answer: The,Question: Which professions are mentioned? Answer: The
dative,driver->passenger,driver,passenger,nurse,offered,The driver offered a letter to the nurse.,The nurse was offered a letter by the driver.,The driver was offered a letter by the nurse.,The nurse offered a letter to the driver.,Question: Who offered a letter to someone? Answer: The,Question: Who was offered the letter by someone? Answer: The,Question: Which professions are mentioned? Answer: The
dative,driver->passenger,driver,passenger,nurse,promised,The driver promised a letter to the nurse.,The nurse was promised a letter by the driver.,The driver was promised a letter by the nurse.,The nurse promised a letter to the driver.,Question: Who promised a letter to someone? Answer: The,Question: Who was promised the letter by someone? Answer: The,Question: Which professions are mentioned? Answer: The
dative,driver->passenger,driver,passenger,teacher,handed,The driver handed a letter to the teacher.,The teacher was handed a letter by the driver.,The driver was handed a letter by the teacher.,The teacher handed a letter to the driver.,Question: Who handed a letter to someone? Answer: The,Question: Who was handed the letter by someone? Answer: The,Question: Which professions are mentioned? Answer: The
dative,driver->passenger,driver,passenger,teacher,sent,The driver sent a letter to the teacher.,The teacher was sent a letter by the driver.,The driver was sent a letter by the teacher.,The teacher sent a letter to the driver.,Question: Who sent a letter to someone? Answer: The,Question: Who was sent the letter by someone? Answer: The,Question: Which professions are mentioned? Answer: The
dative,driver->passenger,driver,passenger,teacher,mailed,The driver mailed a letter to the teacher.,The teacher was mailed a letter by the driver.,The driver was mailed a letter by the teacher.,The teacher mailed a letter to the driver.,Question: Who mailed a letter to someone? Answer: The,Question: Who was mailed the letter by someone? Answer: The,Question: Which professions are mentioned? Answer: The
dative,driver->passenger,driver,passenger,teacher,offered,The driver offered a letter to the teacher.,The teacher was offered a letter by the driver.,The driver was offered a letter by the teacher.,The teacher offered a letter to the driver.,Question: Who offered a letter to someone? Answer: The,Question: Who was offered the letter by someone? Answer: The,Question: Which professions are mentioned? Answer: The
dative,driver->passenger,driver,passenger,teacher,promised,The driver promised a letter to the teacher.,The teacher was promised a letter by the driver.,The driver was promised a letter by the teacher.,The teacher promised a letter to the driver.,Question: Who promised a letter to someone? Answer: The,Question: Who was promised the letter by someone? Answer: The,Question: Which professions are mentioned? Answer: The
dative,driver->passenger,driver,passenger,student,handed,The driver handed a letter to the student.,The student was handed a letter by the driver.,The driver was handed a letter by the student.,The student handed a letter to the driver.,Question: Who handed a letter to someone? Answer: The,Question: Who was handed the letter by someone? Answer: The,Question: Which professions are mentioned? Answer: The
dative,driver->passenger,driver,passenger,student,sent,The driver sent a letter to the student.,The student was sent a letter by the driver.,The driver was sent a letter by the student.,The student sent a letter to the driver.,Question: Who sent a letter to someone? Answer: The,Question: Who was sent the letter by someone? Answer: The,Question: Which professions are mentioned? Answer: The
dative,driver->passenger,driver,passenger,student,mailed,The driver mailed a letter to the student.,The student was mailed a letter by the driver.,The driver was mailed a letter by the student.,The student mailed a letter to the driver.,Question: Who mailed a letter to someone? Answer: The,Question: Who was mailed the letter by someone? Answer: The,Question: Which professions are mentioned? Answer: The
dative,driver->passenger,driver,passenger,student,offered,The driver offered a letter to the student.,The student was offered a letter by the driver.,The driver was offered a letter by the student.,The student offered a letter to the driver.,Question: Who offered a letter to someone? Answer: The,Question: Who was offered the letter by someone? Answer: The,Question: Which professions are mentioned? Answer: The
dative,driver->passenger,driver,passenger,student,promised,The driver promised a letter to the student.,The student was promised a letter by the driver.,The driver was promised a letter by the student.,The student promised a letter to the driver.,Question: Who promised a letter to someone? Answer: The,Question: Who was promised the letter by someone? Answer: The,Question: Which professions are mentioned? Answer: The
dative,driver->passenger,driver,passenger,lawyer,handed,The driver handed a letter to the lawyer.,The lawyer was handed a letter by the driver.,The driver was handed a letter by the lawyer.,The lawyer handed a letter to the driver.,Question: Who handed a letter to someone? Answer: The,Question: Who was handed the letter by someone? Answer: The,Question: Which professions are mentioned? Answer: The
dative,driver->passenger,driver,passenger,lawyer,sent,The driver sent a letter to the lawyer.,The lawyer was sent a letter by the driver.,The driver was sent a letter by the lawyer.,The lawyer sent a letter to the driver.,Question: Who sent a letter to someone? Answer: The,Question: Who was sent the letter by someone? Answer: The,Question: Which professions are mentioned? Answer: The
dative,driver->passenger,driver,passenger,lawyer,mailed,The driver mailed a letter to the lawyer.,The lawyer was mailed a letter by the driver.,The driver was mailed a letter by the lawyer.,The lawyer mailed a letter to the driver.,Question: Who mailed a letter to someone? Answer: The,Question: Who was mailed the letter by someone? Answer: The,Question: Which professions are mentioned? Answer: The
dative,driver->passenger,driver,passenger,lawyer,offered,The driver offered a letter to the lawyer.,The lawyer was offered a letter by the driver.,The driver was offered a letter by the lawyer.,The lawyer offered a letter to the driver.,Question: Who offered a letter to someone? Answer: The,Question: Who was offered the letter by someone? Answer: The,Question: Which professions are mentioned? Answer: The
dative,driver->passenger,driver,passenger,lawyer,promised,The driver promised a letter to the lawyer.,The lawyer was promised a letter by the driver.,The driver was promised a letter by the lawyer.,The lawyer promised a letter to the driver.,Question: Who promised a letter to someone? Answer: The,Question: Who was promised the letter by someone? Answer: The,Question: Which professions are mentioned? Answer: The
dative,driver->passenger,driver,passenger,judge,handed,The driver handed a letter to the judge.,The judge was handed a letter by the driver.,The driver was handed a letter by the judge.,The judge handed a letter to the driver.,Question: Who handed a letter to someone? Answer: The,Question: Who was handed the letter by someone? Answer: The,Question: Which professions are mentioned? Answer: The
dative,driver->passenger,driver,passenger,judge,sent,The driver sent a letter to the judge.,The judge was sent a letter by the driver.,The driver was sent a letter by the judge.,The judge sent a letter to the driver.,Question: Who sent a letter to someone? Answer: The,Question: Who was sent the letter by someone? Answer: The,Question: Which professions are mentioned? Answer: The
dative,driver->passenger,driver,passenger,judge,mailed,The driver mailed a letter to the judge.,The judge was mailed a letter by the driver.,The driver was mailed a letter by the judge.,The judge mailed a letter to the driver.,Question: Who mailed a letter to someone? Answer: The,Question: Who was mailed the letter by someone? Answer: The,Question: Which professions are mentioned? Answer: The
dative,driver->passenger,driver,passenger,judge,offered,The driver offered a letter to the judge.,The judge was offered a letter by the driver.,The driver was offered a letter by the judge.,The judge offered a letter to the driver.,Question: Who offered a letter to someone? Answer: The,Question: Who was offered the letter by someone? Answer: The,Question: Which professions are mentioned? Answer: The
dative,driver->passenger,driver,passenger,judge,promised,The driver promised a letter to the judge.,The judge was promised a letter by the driver.,The driver was promised a letter by the judge.,The judge promised a letter to the driver.,Question: Who promised a letter to someone? Answer: The,Question: Who was promised the letter by someone? Answer: The,Question: Which professions are mentioned? Answer: The
dative,driver->passenger,driver,passenger,chef,handed,The driver handed a letter to the chef.,The chef was handed a letter by the driver.,The driver was handed a letter by the chef.,The chef handed a letter to the driver.,Question: Who handed a letter to someone? Answer: The,Question: Who was handed the letter by someone? Answer: The,Question: Which professions are mentioned? Answer: The
dative,driver->passenger,driver,passenger,chef,sent,The driver sent a letter to the chef.,The chef was sent a letter by the driver.,The driver was sent a letter by the chef.,The chef sent a letter to the driver.,Question: Who sent a letter to someone? Answer: The,Question: Who was sent the letter by someone? Answer: The,Question: Which professions are mentioned? Answer: The
dative,driver->passenger,driver,passenger,chef,mailed,The driver mailed a letter to the chef.,The chef was mailed a letter by the driver.,The driver was mailed a letter by the chef.,The chef mailed a letter to the driver.,Question: Who mailed a letter to someone? Answer: The,Question: Who was mailed the letter by someone? Answer: The,Question: Which professions are mentioned? Answer: The
dative,driver->passenger,driver,passenger,chef,offered,The driver offered a letter to the chef.,The chef was offered a letter by the driver.,The driver was offered a letter by the chef.,The chef offered a letter to the driver.,Question: Who offered a letter to someone? Answer: The,Question: Who was offered the letter by someone? Answer: The,Question: Which professions are mentioned? Answer: The
dative,driver->passenger,driver,passenger,chef,promised,The driver promised a letter to the chef.,The chef was promised a letter by the driver.,The driver was promised a letter by the chef.,The chef promised a letter to the driver.,Question: Who promised a letter to someone? Answer: The,Question: Who was promised the letter by someone? Answer: The,Question: Which professions are mentioned? Answer: The
dative,driver->passenger,driver,passenger,farmer,handed,The driver handed a letter to the farmer.,The farmer was handed a letter by the driver.,The driver was handed a letter by the farmer.,The farmer handed a letter to the driver.,Question: Who handed a letter to someone? Answer: The,Question: Who was handed the letter by someone? Answer: The,Question: Which professions are mentioned? Answer: The
dative,driver->passenger,driver,passenger,farmer,sent,The driver sent a letter to the farmer.,The farmer was sent a letter by the driver.,The driver was sent a letter by the farmer.,The farmer sent a letter to the driver.,Question: Who sent a letter to someone? Answer: The,Question: Who was sent the letter by someone? Answer: The,Question: Which professions are mentioned? Answer: The
dative,driver->passenger,driver,passenger,farmer,mailed,The driver mailed a letter to the farmer.,The farmer was mailed a letter by the driver.,The driver was mailed a letter by the farmer.,The farmer mailed a letter to the driver.,Question: Who mailed a letter to someone? Answer: The,Question: Who was mailed the letter by someone? Answer: The,Question: Which professions are mentioned? Answer: The
dative,driver->passenger,driver,passenger,farmer,offered,The driver offered a letter to the farmer.,The farmer was offered a letter by the driver.,The driver was offered a letter by the farmer.,The farmer offered a letter to the driver.,Question: Who offered a letter to someone? Answer: The,Question: Who was offered the letter by someone? Answer: The,Question: Which professions are mentioned? Answer: The
dative,driver->passenger,driver,passenger,farmer,promised,The driver promised a letter to the farmer.,The farmer was promised a letter by the driver.,The driver was promised a letter by the farmer.,The farmer promised a letter to the driver.,Question: Who promised a letter to someone? Answer: The,Question: Who was promised the letter by someone? Answer: The,Question: Which professions are mentioned? Answer: The
dative,driver->passenger,driver,passenger,coach,handed,The driver handed a letter to the coach.,The coach was handed a letter by the driver.,The driver was handed a letter by the coach.,The coach handed a letter to the driver.,Question: Who handed a letter to someone? Answer: The,Question: Who was handed the letter by someone? Answer: The,Question: Which professions are mentioned? Answer: The
dative,driver->passenger,driver,passenger,coach,sent,The driver sent a letter to the coach.,The coach was sent a letter by the driver.,The driver was sent a letter by the coach.,The coach sent a letter to the driver.,Question: Who sent a letter to someone? Answer: The,Question: Who was sent the letter by someone? Answer: The,Question: Which professions are mentioned? Answer: The
dative,driver->passenger,driver,passenger,coach,mailed,The driver mailed a letter to the coach.,The coach was mailed a letter by the driver.,The driver was mailed a letter by the coach.,The coach mailed a letter to the driver.,Question: Who mailed a letter to someone? Answer: The,Question: Who was mailed the letter by someone? Answer: The,Question: Which professions are mentioned? Answer: The
dative,driver->passenger,driver,passenger,coach,offered,The driver offered a letter to the coach.,The coach was offered a letter by the driver.,The driver was offered a letter by the coach.,The coach offered a letter to the driver.,Question: Who offered a letter to someone? Answer: The,Question: Who was offered the letter by someone? Answer: The,Question: Which professions are mentioned? Answer: The
dative,driver->passenger,driver,passenger,coach,promised,The driver promised a letter to the coach.,The coach was promised a letter by the driver.,The driver was promised a letter by the coach.,The coach promised a letter to the driver.,Question: Who promised a letter to someone? Answer: The,Question: Who was promised the letter by someone? Answer: The,Question: Which professions are mentioned? Answer: The
cleft,driver->passenger,driver,passenger,pilot,treated,It was the driver who treated the pilot.,It was the pilot whom the driver treated.,It was the driver whom the pilot treated.,It was the pilot who treated the driver.,Question: Who treated someone? Answer: The,,Question: Which professions are mentioned? Answer: The
cleft,driver->passenger,driver,passenger,pilot,examined,It was the driver who examined the pilot.,It was the pilot whom the driver examined.,It was the driver whom the pilot examined.,It was the pilot who examined the driver.,Question: Who examined someone? Answer: The,,Question: Which professions are mentioned? Answer: The
cleft,driver->passenger,driver,passenger,pilot,interviewed,It was the driver who interviewed the pilot.,It was the pilot whom the driver interviewed.,It was the driver whom the pilot interviewed.,It was the pilot who interviewed the driver.,Question: Who interviewed someone? Answer: The,,Question: Which professions are mentioned? Answer: The
cleft,driver->passenger,driver,passenger,pilot,photographed,It was the driver who photographed the pilot.,It was the pilot whom the driver photographed.,It was the driver whom the pilot photographed.,It was the pilot who photographed the driver.,Question: Who photographed someone? Answer: The,,Question: Which professions are mentioned? Answer: The
cleft,driver->passenger,driver,passenger,pilot,praised,It was the driver who praised the pilot.,It was the pilot whom the driver praised.,It was the driver whom the pilot praised.,It was the pilot who praised the driver.,Question: Who praised someone? Answer: The,,Question: Which professions are mentioned? Answer: The
cleft,driver->passenger,driver,passenger,pilot,criticized,It was the driver who criticized the pilot.,It was the pilot whom the driver criticized.,It was the driver whom the pilot criticized.,It was the pilot who criticized the driver.,Question: Who criticized someone? Answer: The,,Question: Which professions are mentioned? Answer: The
cleft,driver->passenger,driver,passenger,pilot,hired,It was the driver who hired the pilot.,It was the pilot whom the driver hired.,It was the driver whom the pilot hired.,It was the pilot who hired the driver.,Question: Who hired someone? Answer: The,,Question: Which professions are mentioned? Answer: The
cleft,driver->passenger,driver,passenger,pilot,fired,It was the driver who fired the pilot.,It was the pilot whom the driver fired.,It was the driver whom the pilot fired.,It was the pilot who fired the driver.,Question: Who fired someone? Answer: The,,Question: Which professions are mentioned? Answer: The
cleft,driver->passenger,driver,passenger,pilot,tutored,It was the driver who tutored the pilot.,It was the pilot whom the driver tutored.,It was the driver whom the pilot tutored.,It was the pilot who tutored the driver.,Question: Who tutored someone? Answer: The,,Question: Which professions are mentioned? Answer: The
cleft,driver->passenger,driver,passenger,pilot,sketched,It was the driver who sketched the pilot.,It was the pilot whom the driver sketched.,It was the driver whom the pilot sketched.,It was the pilot who sketched the driver.,Question: Who sketched someone? Answer: The,,Question: Which professions are mentioned? Answer: The
cleft,driver->passenger,driver,passenger,doctor,treated,It was the driver who treated the doctor.,It was the doctor whom the driver treated.,It was the driver whom the doctor treated.,It was the doctor who treated the driver.,Question: Who treated someone? Answer: The,,Question: Which professions are mentioned? Answer: The
cleft,driver->passenger,driver,passenger,doctor,examined,It was the driver who examined the doctor.,It was the doctor whom the driver examined.,It was the driver whom the doctor examined.,It was the doctor who examined the driver.,Question: Who examined someone? Answer: The,,Question: Which professions are mentioned? Answer: The
cleft,driver->passenger,driver,passenger,doctor,interviewed,It was the driver who interviewed the doctor.,It was the doctor whom the driver interviewed.,It was the driver whom the doctor interviewed.,It was the doctor who interviewed the driver.,Question: Who interviewed someone? Answer: The,,Question: Which professions are mentioned? Answer: The
cleft,driver->passenger,driver,passenger,doctor,photographed,It was the driver who photographed the doctor.,It was the doctor whom the driver photographed.,It was the driver whom the doctor photographed.,It was the doctor who photographed the driver.,Question: Who photographed someone? Answer: The,,Question: Which professions are mentioned? Answer: The
cleft,driver->passenger,driver,passenger,doctor,praised,It was the driver who praised the doctor.,It was the doctor whom the driver praised.,It was the driver whom the doctor praised.,It was the doctor who praised the driver.,Question: Who praised someone? Answer: The,,Question: Which professions are mentioned? Answer: The
cleft,driver->passenger,driver,passenger,doctor,criticized,It was the driver who criticized the doctor.,It was the doctor whom the driver criticized.,It was the driver whom the doctor criticized.,It was the doctor who criticized the driver.,Question: Who criticized someone? Answer: The,,Question: Which professions are mentioned? Answer: The
cleft,driver->passenger,driver,passenger,doctor,hired,It was the driver who hired the doctor.,It was the doctor whom the driver hired.,It was the driver whom the doctor hired.,It was the doctor who hired the driver.,Question: Who hired someone? Answer: The,,Question: Which professions are mentioned? Answer: The
cleft,driver->passenger,driver,passenger,doctor,fired,It was the driver who fired the doctor.,It was the doctor whom the driver fired.,It was the driver whom the doctor fired.,It was the doctor who fired the driver.,Question: Who fired someone? Answer: The,,Question: Which professions are mentioned? Answer: The
cleft,driver->passenger,driver,passenger,doctor,tutored,It was the driver who tutored the doctor.,It was the doctor whom the driver tutored.,It was the driver whom the doctor tutored.,It was the doctor who tutored the driver.,Question: Who tutored someone? Answer: The,,Question: Which professions are mentioned? Answer: The
cleft,driver->passenger,driver,passenger,doctor,sketched,It was the driver who sketched the doctor.,It was the doctor whom the driver sketched.,It was the driver whom the doctor sketched.,It was the doctor who sketched the driver.,Question: Who sketched someone? Answer: The,,Question: Which professions are mentioned? Answer: The
cleft,driver->passenger,driver,passenger,nurse,treated,It was the driver who treated the nurse.,It was the nurse whom the driver treated.,It was the driver whom the nurse treated.,It was the nurse who treated the driver.,Question: Who treated someone? Answer: The,,Question: Which professions are mentioned? Answer: The
cleft,driver->passenger,driver,passenger,nurse,examined,It was the driver who examined the nurse.,It was the nurse whom the driver examined.,It was the driver whom the nurse examined.,It was the nurse who examined the driver.,Question: Who examined someone? Answer: The,,Question: Which professions are mentioned? Answer: The
cleft,driver->passenger,driver,passenger,nurse,interviewed,It was the driver who interviewed the nurse.,It was the nurse whom the driver interviewed.,It was the driver whom the nurse interviewed.,It was the nurse who interviewed the driver.,Question: Who interviewed someone? Answer: The,,Question: Which professions are mentioned? Answer: The
cleft,driver->passenger,driver,passenger,nurse,photographed,It was the driver who photographed the nurse.,It was the nurse whom the driver photographed.,It was the driver whom the nurse photographed.,It was the nurse who photographed the driver.,Question: Who photographed someone? Answer: The,,Question: Which professions are mentioned? Answer: The
cleft,driver->passenger,driver,passenger,nurse,praised,It was the driver who praised the nurse.,It was the nurse whom the driver praised.,It was the driver whom the nurse praised.,It was the nurse who praised the driver.,Question: Who praised someone? Answer: The,,Question: Which professions are mentioned? Answer: The
cleft,driver->passenger,driver,passenger,nurse,criticized,It was the driver who criticized the nurse.,It was the nurse whom the driver criticized.,It was the driver whom the nurse criticized.,It was the nurse who criticized the driver.,Question: Who criticized someone? Answer: The,,Question: Which professions are mentioned? Answer: The
cleft,driver->passenger,driver,passenger,nurse,hired,It was the driver who hired the nurse.,It was the nurse whom the driver hired.,It was the driver whom the nurse hired.,It was the nurse who hired the driver.,Question: Who hired someone? Answer: The,,Question: Which professions are mentioned? Answer: The
cleft,driver->passenger,driver,passenger,nurse,fired,It was the driver who fired the nurse.,It was the nurse whom the driver fired.,It was the driver whom the nurse fired.,It was the nurse who fired the driver.,Question: Who fired someone? Answer: The,,Question: Which professions are mentioned? Answer: The
cleft,driver->passenger,driver,passenger,nurse,tutored,It was the driver who tutored the nurse.,It was the nurse whom the driver tutored.,It was the driver whom the nurse tutored.,It was the nurse who tutored the driver.,Question: Who tutored someone? Answer: The,,Question: Which professions are mentioned? Answer: The
cleft,driver->passenger,driver,passenger,nurse,sketched,It was the driver who sketched the nurse.,It was the nurse whom the driver sketched.,It was the driver whom the nurse sketched.,It was the nurse who sketched the driver.,Question: Who sketched someone? Answer: The,,Question: Which professions are mentioned? Answer: The
cleft,driver->passenger,driver,passenger,teacher,treated,It was the driver who treated the teacher.,It was the teacher whom the driver treated.,It was the driver whom the teacher treated.,It was the teacher who treated the driver.,Question: Who treated someone? Answer: The,,Question: Which professions are mentioned? Answer: The
cleft,driver->passenger,driver,passenger,teacher,examined,It was the driver who examined the teacher.,It was the teacher whom the driver examined.,It was the driver whom the teacher examined.,It was the teacher who examined the driver.,Question: Who examined someone? Answer: The,,Question: Which professions are mentioned? Answer: The
cleft,driver->passenger,driver,passenger,teacher,interviewed,It was the driver who interviewed the teacher.,It was the teacher whom the driver interviewed.,It was the driver whom the teacher interviewed.,It was the teacher who interviewed the driver.,Question: Who interviewed someone? Answer: The,,Question: Which professions are mentioned? Answer: The
cleft,driver->passenger,driver,passenger,teacher,photographed,It was the driver who photographed the teacher.,It was the teacher whom the driver photographed.,It was the driver whom the teacher photographed.,It was the teacher who photographed the driver.,Question: Who photographed someone? Answer: The,,Question: Which professions are mentioned? Answer: The
cleft,driver->passenger,driver,passenger,teacher,praised,It was the driver who praised the teacher.,It was the teacher whom the driver praised.,It was the driver whom the teacher praised.,It was the teacher who praised the driver.,Question: Who praised someone? Answer: The,,Question: Which professions are mentioned? Answer: The
cleft,driver->passenger,driver,passenger,teacher,criticized,It was the driver who criticized the teacher.,It was the teacher whom the driver criticized.,It was the driver whom the teacher criticized.,It was the teacher who criticized the driver.,Question: Who criticized someone? Answer: The,,Question: Which professions are mentioned? Answer: The
cleft,driver->passenger,driver,passenger,teacher,hired,It was the driver who hired the teacher.,It was the teacher whom the driver hired.,It was the driver whom the teacher hired.,It was the teacher who hired the driver.,Question: Who hired someone? Answer: The,,Question: Which professions are mentioned? Answer: The
cleft,driver->passenger,driver,passenger,teacher,fired,It was the driver who fired the teacher.,It was the teacher whom the driver fired.,It was the driver whom the teacher fired.,It was the teacher who fired the driver.,Question: Who fired someone? Answer: The,,Question: Which professions are mentioned? Answer: The
cleft,driver->passenger,driver,passenger,teacher,tutored,It was the driver who tutored the teacher.,It was the teacher whom the driver tutored.,It was the driver whom the teacher tutored.,It was the teacher who tutored the driver.,Question: Who tutored someone? Answer: The,,Question: Which professions are mentioned? Answer: The
cleft,driver->passenger,driver,passenger,teacher,sketched,It was the driver who sketched the teacher.,It was the teacher whom the driver sketched.,It was the driver whom the teacher sketched.,It was the teacher who sketched the driver.,Question: Who sketched someone? Answer: The,,Question: Which professions are mentioned? Answer: The
cleft,driver->passenger,driver,passenger,student,treated,It was the driver who treated the student.,It was the student whom the driver treated.,It was the driver whom the student treated.,It was the student who treated the driver.,Question: Who treated someone? Answer: The,,Question: Which professions are mentioned? Answer: The
cleft,driver->passenger,driver,passenger,student,examined,It was the driver who examined the student.,It was the student whom the driver examined.,It was the driver whom the student examined.,It was the student who examined the driver.,Question: Who examined someone? Answer: The,,Question: Which professions are mentioned? Answer: The
cleft,driver->passenger,driver,passenger,student,interviewed,It was the driver who interviewed the student.,It was the student whom the driver interviewed.,It was the driver whom the student interviewed.,It was the student who interviewed the driver.,Question: Who interviewed someone? Answer: The,,Question: Which professions are mentioned? Answer: The
cleft,driver->passenger,driver,passenger,student,photographed,It was the driver who photographed the student.,It was the student whom the driver photographed.,It was the driver whom the student photographed.,It was the student who photographed the driver.,Question: Who photographed someone? Answer: The,,Question: Which professions are mentioned? Answer: The
cleft,driver->passenger,driver,passenger,student,praised,It was the driver who praised the student.,It was the student whom the driver praised.,It was the driver whom the student praised.,It was the student who praised the driver.,Question: Who praised someone? Answer: The,,Question: Which professions are mentioned? Answer: The
cleft,driver->passenger,driver,passenger,student,criticized,It was the driver who criticized the student.,It was the student whom the driver criticized.,It was the driver whom the student criticized.,It was the student who criticized the driver.,Question: Who criticized someone? Answer: The,,Question: Which professions are mentioned? Answer: The
cleft,driver->passenger,driver,passenger,student,hired,It was the driver who hired the student.,It was the student whom the driver hired.,It was the driver whom the student hired.,It was the student who hired the driver.,Question: Who hired someone? Answer: The,,Question: Which professions are mentioned? Answer: The
cleft,driver->passenger,driver,passenger,student,fired,It was the driver who fired the student.,It was the student whom the driver fired.,It was the driver whom the student fired.,It was the student who fired the driver.,Question: Who fired someone? Answer: The,,Question: Which professions are mentioned? Answer: The
cleft,driver->passenger,driver,passenger,student,tutored,It was the driver who tutored the student.,It was the student whom the driver tutored.,It was the driver whom the student tutored.,It was the student who tutored the driver.,Question: Who tutored someone? Answer: The,,Question: Which professions are mentioned? Answer: The
cleft,driver->passenger,driver,passenger,student,sketched,It was the driver who sketched the student.,It was the student whom the driver sketched.,It was the driver whom the student sketched.,It was the student who sketched the driver.,Question: Who sketched someone? Answer: The,,Question: Which professions are mentioned? Answer: The
relative_clause,driver->passenger,driver,passenger,pilot,treated,The driver who treated the pilot smiled.,The pilot whom the driver treated smiled.,The driver whom the pilot treated smiled.,The pilot who treated the driver smiled.,Question: Who treated someone? Answer: The,,Question: Which professions are mentioned? Answer: The
relative_clause,driver->passenger,driver,passenger,pilot,examined,The driver who examined the pilot smiled.,The pilot whom the driver examined smiled.,The driver whom the pilot examined smiled.,The pilot who examined the driver smiled.,Question: Who examined someone? Answer: The,,Question: Which professions are mentioned? Answer: The
relative_clause,driver->passenger,driver,passenger,pilot,interviewed,The driver who interviewed the pilot smiled.,The pilot whom the driver interviewed smiled.,The driver whom the pilot interviewed smiled.,The pilot who interviewed the driver smiled.,Question: Who interviewed someone? Answer: The,,Question: Which professions are mentioned? Answer: The
relative_clause,driver->passenger,driver,passenger,pilot,photographed,The driver who photographed the pilot smiled.,The pilot whom the driver photographed smiled.,The driver whom the pilot photographed smiled.,The pilot who photographed the driver smiled.,Question: Who photographed someone? Answer: The,,Question: Which professions are mentioned? Answer: The
relative_clause,driver->passenger,driver,passenger,pilot,praised,The driver who praised the pilot smiled.,The pilot whom the driver praised smiled.,The driver whom the pilot praised smiled.,The pilot who praised the driver smiled.,Question: Who praised someone? Answer: The,,Question: Which professions are mentioned? Answer: The
relative_clause,driver->passenger,driver,passenger,pilot,criticized,The driver who criticized the pilot smiled.,The pilot whom the driver criticized smiled.,The driver whom the pilot criticized smiled.,The pilot who criticized the driver smiled.,Question: Who criticized someone? Answer: The,,Question: Which professions are mentioned? Answer: The
relative_clause,driver->passenger,driver,passenger,pilot,hired,The driver who hired the pilot smiled.,The pilot whom the driver hired smiled.,The driver whom the pilot hired smiled.,The pilot who hired the driver smiled.,Question: Who hired someone? Answer: The,,Question: Which professions are mentioned? Answer: The
relative_clause,driver->passenger,driver,passenger,pilot,fired,The driver who fired the pilot smiled.,The pilot whom the driver fired smiled.,The driver whom the pilot fired smiled.,The pilot who fired the driver smiled.,Question: Who fired someone? Answer: The,,Question: Which professions are mentioned? Answer: The
relative_clause,driver->passenger,driver,passenger,pilot,tutored,The driver who tutored the pilot smiled.,The pilot whom the driver tutored smiled.,The driver whom the pilot tutored smiled.,The pilot who tutored the driver smiled.,Question: Who tutored someone? Answer: The,,Question: Which professions are mentioned? Answer: The
relative_clause,driver->passenger,driver,passenger,pilot,sketched,The driver who sketched the pilot smiled.,The pilot whom the driver sketched smiled.,The driver whom the pilot sketched smiled.,The pilot who sketched the driver smiled.,Question: Who sketched someone? Answer: The,,Question: Which professions are mentioned? Answer: The
relative_clause,driver->passenger,driver,passenger,doctor,treated,The driver who treated the doctor smiled.,The doctor whom the driver treated smiled.,The driver whom the doctor treated smiled.,The doctor who treated the driver smiled.,Question: Who treated someone? Answer: The,,Question: Which professions are mentioned? Answer: The
relative_clause,driver->passenger,driver,passenger,doctor,examined,The driver who examined the doctor smiled.,The doctor whom the driver examined smiled.,The driver whom the doctor examined smiled.,The doctor who examined the driver smiled.,Question: Who examined someone? Answer: The,,Question: Which professions are mentioned? Answer: The
relative_clause,driver->passenger,driver,passenger,doctor,interviewed,The driver who interviewed the doctor smiled.,The doctor whom the driver interviewed smiled.,The driver whom the doctor interviewed smiled.,The doctor who interviewed the driver smiled.,Question: Who interviewed someone? Answer: The,,Question: Which professions are mentioned? Answer: The
relative_clause,driver->passenger,driver,passenger,doctor,photographed,The driver who photographed the doctor smiled.,The doctor whom the driver photographed smiled.,The driver whom the doctor photographed smiled.,The doctor who photographed the driver smiled.,Question: Who photographed someone? Answer: The,,Question: Which professions are mentioned? Answer: The
relative_clause,driver->passenger,driver,passenger,doctor,praised,The driver who praised the doctor smiled.,The doctor whom the driver praised smiled.,The driver whom the doctor praised smiled.,The doctor who praised the driver smiled.,Question: Who praised someone? Answer: The,,Question: Which professions are mentioned? Answer: The
relative_clause,driver->passenger,driver,passenger,doctor,criticized,The driver who criticized the doctor smiled.,The doctor whom the driver criticized smiled.,The driver whom the doctor criticized smiled.,The doctor who criticized the driver smiled.,Question: Who criticized someone? Answer: The,,Question: Which professions are mentioned? Answer: The
relative_clause,driver->passenger,driver,passenger,doctor,hired,The driver who hired the doctor smiled.,The doctor whom the driver hired smiled.,The driver whom the doctor hired smiled.,The doctor who hired the driver smiled.,Question: Who hired someone? Answer: The,,Question: Which professions are mentioned? Answer: The
relative_clause,driver->passenger,driver,passenger,doctor,fired,The driver who fired the doctor smiled.,The doctor whom the driver fired smiled.,The driver whom the doctor fired smiled.,The doctor who fired the driver smiled.,Question: Who fired someone? Answer: The,,Question: Which professions are mentioned? Answer: The
relative_clause,driver->passenger,driver,passenger,doctor,tutored,The driver who tutored the doctor smiled.,The doctor whom the driver tutored smiled.,The driver whom the doctor tutored smiled.,The doctor who tutored the driver smiled.,Question: Who tutored someone? Answer: The,,Question: Which professions are mentioned? Answer: The
relative_clause,driver->passenger,driver,passenger,doctor,sketched,The driver who sketched the doctor smiled.,The doctor whom the driver sketched smiled.,The driver whom the doctor sketched smiled.,The doctor who sketched the driver smiled.,Question: Who sketched someone? Answer: The,,Question: Which professions are mentioned? Answer: The
relative_clause,driver->passenger,driver,passenger,nurse,treated,The driver who treated the nurse smiled.,The nurse whom the driver treated smiled.,The driver whom the nurse treated smiled.,The nurse who treated the driver smiled.,Question: Who treated someone? Answer: The,,Question: Which professions are mentioned? Answer: The
relative_clause,driver->passenger,driver,passenger,nurse,examined,The driver who examined the nurse smiled.,The nurse whom the driver examined smiled.,The driver whom the nurse examined smiled.,The nurse who examined the driver smiled.,Question: Who examined someone? Answer: The,,Question: Which professions are mentioned? Answer: The
relative_clause,driver->passenger,driver,passenger,nurse,interviewed,The driver who interviewed the nurse smiled.,The nurse whom the driver interviewed smiled.,The driver whom the nurse interviewed smiled.,The nurse who interviewed the driver smiled.,Question: Who interviewed someone? Answer: The,,Question: Which professions are mentioned? Answer: The
relative_clause,driver->passenger,driver,passenger,nurse,photographed,The driver who photographed the nurse smiled.,The nurse whom the driver photographed smiled.,The driver whom the nurse photographed smiled.,The nurse who photographed the driver smiled.,Question: Who photographed someone? Answer: The,,Question: Which professions are mentioned? Answer: The
relative_clause,driver->passenger,driver,passenger,nurse,praised,The driver who praised the nurse smiled.,The nurse whom the driver praised smiled.,The driver whom the nurse praised smiled.,The nurse who praised the driver smiled.,Question: Who praised someone? Answer: The,,Question: Which professions are mentioned? Answer: The
relative_clause,driver->passenger,driver,passenger,nurse,criticized,The driver who criticized the nurse smiled.,The nurse whom the driver criticized smiled.,The driver whom the nurse criticized smiled.,The nurse who criticized the driver smiled.,Question: Who criticized someone? Answer: The,,Question: Which professions are mentioned? Answer: The
relative_clause,driver->passenger,driver,passenger,nurse,hired,The driver who hired the nurse smiled.,The nurse whom the driver hired smiled.,The driver whom the nurse hired smiled.,The nurse who hired the driver smiled.,Question: Who hired someone? Answer: The,,Question: Which professions are mentioned? Answer: The
relative_clause,driver->passenger,driver,passenger,nurse,fired,The driver who fired the nurse smiled.,The nurse whom the driver fired smiled.,The driver whom the nurse fired smiled.,The nurse who fired the driver smiled.,Question: Who fired someone? Answer: The,,Question: Which professions are mentioned? Answer: The
relative_clause,driver->passenger,driver,passenger,nurse,tutored,The driver who tutored the nurse smiled.,The nurse whom the driver tutored smiled.,The driver whom the nurse tutored smiled.,The nurse who tutored the driver smiled.,Question: Who tutored someone? Answer: The,,Question: Which professions are mentioned? Answer: The
relative_clause,driver->passenger,driver,passenger,nurse,sketched,The driver who sketched the nurse smiled.,The nurse whom the driver sketched smiled.,The driver whom the nurse sketched smiled.,The nurse who sketched the driver smiled.,Question: Who sketched someone? Answer: The,,Question: Which professions are mentioned? Answer: The
relative_clause,driver->passenger,driver,passenger,teacher,treated,The driver who treated the teacher smiled.,The teacher whom the driver treated smiled.,The driver whom the teacher treated smiled.,The teacher who treated the driver smiled.,Question: Who treated someone? Answer: The,,Question: Which professions are mentioned? Answer: The
relative_clause,driver->passenger,driver,passenger,teacher,examined,The driver who examined the teacher smiled.,The teacher whom the driver examined smiled.,The driver whom the teacher examined smiled.,The teacher who examined the driver smiled.,Question: Who examined someone? Answer: The,,Question: Which professions are mentioned? Answer: The
relative_clause,driver->passenger,driver,passenger,teacher,interviewed,The driver who interviewed the teacher smiled.,The teacher whom the driver interviewed smiled.,The driver whom the teacher interviewed smiled.,The teacher who interviewed the driver smiled.,Question: Who interviewed someone? Answer: The,,Question: Which professions are mentioned? Answer: The
relative_clause,driver->passenger,driver,passenger,teacher,photographed,The driver who photographed the teacher smiled.,The teacher whom the driver photographed smiled.,The driver whom the teacher photographed smiled.,The teacher who photographed the driver smiled.,Question: Who photographed someone? Answer: The,,Question: Which professions are mentioned? Answer: The
relative_clause,driver->passenger,driver,passenger,teacher,praised,The driver who praised the teacher smiled.,The teacher whom the driver praised smiled.,The driver whom the teacher praised smiled.,The teacher who praised the driver smiled.,Question: Who praised someone? Answer: The,,Question: Which professions are mentioned? Answer: The
relative_clause,driver->passenger,driver,passenger,teacher,criticized,The driver who criticized the teacher smiled.,The teacher whom the driver criticized smiled.,The driver whom the teacher criticized smiled.,The teacher who criticized the driver smiled.,Question: Who criticized someone? Answer: The,,Question: Which professions are mentioned? Answer: The
relative_clause,driver->passenger,driver,passenger,teacher,hired,The driver who hired the teacher smiled.,The teacher whom the driver hired smiled.,The driver whom the teacher hired smiled.,The teacher who hired the driver smiled.,Question: Who hired someone? Answer: The,,Question: Which professions are mentioned? Answer: The
relative_clause,driver->passenger,driver,passenger,teacher,fired,The driver who fired the teacher smiled.,The teacher whom the driver fired smiled.,The driver whom the teacher fired smiled.,The teacher who fired the driver smiled.,Question: Who fired someone? Answer: The,,Question: Which professions are mentioned? Answer: The
relative_clause,driver->passenger,driver,passenger,teacher,tutored,The driver who tutored the teacher smiled.,The teacher whom the driver tutored smiled.,The driver whom the teacher tutored smiled.,The teacher who tutored the driver smiled.,Question: Who tutored someone? Answer: The,,Question: Which professions are mentioned? Answer: The
relative_clause,driver->passenger,driver,passenger,teacher,sketched,The driver who sketched the teacher smiled.,The teacher whom the driver sketched smiled.,The driver whom the teacher sketched smiled.,The teacher who sketched the driver smiled.,Question: Who sketched someone? Answer: The,,Question: Which professions are mentioned? Answer: The
relative_clause,driver->passenger,driver,passenger,student,treated,The driver who treated the student smiled.,The student whom the driver treated smiled.,The driver whom the student treated smiled.,The student who treated the driver smiled.,Question: Who treated someone? Answer: The,,Question: Which professions are mentioned? Answer: The
relative_clause,driver->passenger,driver,passenger,student,examined,The driver who examined the student smiled.,The student whom the driver examined smiled.,The driver whom the student examined smiled.,The student who examined the driver smiled.,Question: Who examined someone? Answer: The,,Question: Which professions are mentioned? Answer: The
relative_clause,driver->passenger,driver,passenger,student,interviewed,The driver who interviewed the student smiled.,The student whom the driver interviewed smiled.,The driver whom the student interviewed smiled.,The student who interviewed the driver smiled.,Question: Who interviewed someone? Answer: The,,Question: Which professions are mentioned? Answer: The
relative_clause,driver->passenger,driver,passenger,student,photographed,The driver who photographed the student smiled.,The student whom the driver photographed smiled.,The driver whom the student photographed smiled.,The student who photographed the driver smiled.,Question: Who photographed someone? Answer: The,,Question: Which professions are mentioned? Answer: The
relative_clause,driver->passenger,driver,passenger,student,praised,The driver who praised the student smiled.,The student whom the driver praised smiled.,The driver whom the student praised smiled.,The student who praised the driver smiled.,Question: Who praised someone? Answer: The,,Question: Which professions are mentioned? Answer: The
relative_clause,driver->passenger,driver,passenger,student,criticized,The driver who criticized the student smiled.,The student whom the driver criticized smiled.,The driver whom the student criticized smiled.,The student who criticized the driver smiled.,Question: Who criticized someone? Answer: The,,Question: Which professions are mentioned? Answer: The
relative_clause,driver->passenger,driver,passenger,student,hired,The driver who hired the student smiled.,The student whom the driver hired smiled.,The driver whom the student hired smiled.,The student who hired the driver smiled.,Question: Who hired someone? Answer: The,,Question: Which professions are mentioned? Answer: The
relative_clause,driver->passenger,driver,passenger,student,fired,The driver who fired the student smiled.,The student whom the driver fired smiled.,The driver whom the student fired smiled.,The student who fired the driver smiled.,Question: Who fired someone? Answer: The,,Question: Which professions are mentioned? Answer: The
relative_clause,driver->passenger,driver,passenger,student,tutored,The driver who tutored the student smiled.,The student whom the driver tutored smiled.,The driver whom the student tutored smiled.,The student who tutored the driver smiled.,Question: Who tutored someone? Answer: The,,Question: Which professions are mentioned? Answer: The
relative_clause,driver->passenger,driver,passenger,student,sketched,The driver who sketched the student smiled.,The student whom the driver sketched smiled.,The driver whom the student sketched smiled.,The student who sketched the driver smiled.,Question: Who sketched someone? Answer: The,,Question: Which professions are mentioned? Answer: The
